車輛種類,廠牌,總重[噸],車輛型式,引擎型式,總排氣量[L],最大扭力[N-m],最大馬力[kW],模擬車重[噸],能效[km/L]
大貨車,ISUZU(五十鈴),4.661,2SG-NJR88AM,4JZ1-HE11,2.999,375,110,3.451,14.49
大貨車,ISUZU(五十鈴),4.661,2SG-NKR88AM,4JZ1-HE11,2.999,375,110,3.451,14.49
大貨車,ISUZU(五十鈴),4.661,2SG-NLR88AM,4JZ1-HE11,2.999,375,110,3.451,14.49
大貨車,ISUZU(五十鈴),4.661,2SG-NMR88AM,4JZ1-HE11,2.999,375,110,3.451,14.49
大貨車,ISUZU(五十鈴),4.661,2SG-NMR88M,4JZ1-HE11,2.999,375,110,3.451,14.49
大貨車,ISUZU(五十鈴),4.661,2SG-NPR88AM,4JZ1-HE11,2.999,375,110,3.451,14.49
大貨車,ISUZU(五十鈴),4.661,2TG-NJR88AF,4JZ1,2.999,375,110,3.451,13.73
大貨車,ISUZU(五十鈴),4.661,2TG-NJR88AM,4JZ1,2.999,375,110,3.451,13.73
大貨車,ISUZU(五十鈴),4.661,2TG-NJR88AF,4JZ1,2.999,375,110,3.451,13.73
大貨車,ISUZU(五十鈴),4.661,2TG-NJR88AM,4JZ1,2.999,375,110,3.451,13.73
大貨車,ISUZU(五十鈴),4.661,2TG-NKR88AC,4JZ1,2.999,375,110,3.451,13.73
大貨車,ISUZU(五十鈴),4.661,2TG-NKR88AF,4JZ1,2.999,375,110,3.451,13.73
大貨車,ISUZU(五十鈴),4.661,2TG-NKR88AM,4JZ1,2.999,375,110,3.451,13.73
大貨車,ISUZU(五十鈴),4.661,2TG-NKR88C,4JZ1,2.999,375,110,3.451,13.73
大貨車,ISUZU(五十鈴),4.661,2TG-NLR88AC,4JZ1,2.999,375,110,3.451,13.73
大貨車,ISUZU(五十鈴),4.661,2TG-NLR88AM,4JZ1,2.999,375,110,3.451,13.73
大貨車,ISUZU(五十鈴),4.661,2TG-NMR88AC,4JZ1,2.999,375,110,3.451,13.73
大貨車,ISUZU(五十鈴),4.661,2TG-NMR88AM,4JZ1,2.999,375,110,3.451,13.73
大貨車,ISUZU(五十鈴),4.661,2TG-NMR88C,4JZ1,2.999,375,110,3.451,13.73
大貨車,ISUZU(五十鈴),4.661,2TG-NMR88M,4JZ1,2.999,375,110,3.451,13.73
大貨車,ISUZU(五十鈴),4.661,2TG-NNR88AC,4JZ1,2.999,375,110,3.451,13.73
大貨車,ISUZU(五十鈴),4.661,2TG-NNR88AM,4JZ1,2.999,375,110,3.451,13.73
大貨車,ISUZU(五十鈴),4.661,2TG-NPR88AC,4JZ1,2.999,375,110,3.451,13.73
大貨車,ISUZU(五十鈴),4.661,2TG-NPR88AM,4JZ1,2.999,375,110,3.451,13.73
大貨車,ISUZU(五十鈴),4.661,2SG-NJR88AN,4JZ1-HE11,2.999,375,110,3.451,13.33
大貨車,ISUZU(五十鈴),4.661,2SG-NKR88AN,4JZ1-HE11,2.999,375,110,3.451,13.33
大貨車,ISUZU(五十鈴),4.661,2SG-NLR88AN,4JZ1-HE11,2.999,375,110,3.451,13.33
大貨車,ISUZU(五十鈴),4.661,2SG-NMR88AN,4JZ1-HE11,2.999,375,110,3.451,13.33
大貨車,ISUZU(五十鈴),4.661,2SG-NMR88N,4JZ1-HE11,2.999,375,110,3.451,13.33
大貨車,ISUZU(五十鈴),4.661,2SG-NPR88AN,4JZ1-HE11,2.999,375,110,3.451,13.33
大貨車,ISUZU(五十鈴),4.661,2RG-NJR88AF,4JZ1,2.999,375,110,3.451,13.27
大貨車,ISUZU(五十鈴),4.661,2RG-NJR88AM,4JZ1,2.999,375,110,3.451,13.27
大貨車,ISUZU(五十鈴),4.661,2RG-NJR88AF,4JZ1,2.999,375,110,3.451,13.27
大貨車,ISUZU(五十鈴),4.661,2RG-NJR88AM,4JZ1,2.999,375,110,3.451,13.27
大貨車,ISUZU(五十鈴),4.661,2RG-NLR88AC,4JZ1,2.999,375,110,3.451,13.27
大貨車,ISUZU(五十鈴),4.661,2RG-NLR88AM,4JZ1,2.999,375,110,3.451,13.27
大貨車,ISUZU(五十鈴),4.661,2RG-NNR88AC,4JZ1,2.999,375,110,3.451,13.27
大貨車,ISUZU(五十鈴),4.661,2RG-NNR88AM,4JZ1,2.999,375,110,3.451,13.27
大貨車,ISUZU(五十鈴),4.661,2RG-NJR88AF,4JZ1,2.999,375,110,3.451,13.26
大貨車,ISUZU(五十鈴),4.661,2RG-NJR88AM,4JZ1,2.999,375,110,3.451,13.26
大貨車,ISUZU(五十鈴),4.661,2RG-NJR88AF,4JZ1,2.999,375,110,3.451,13.26
大貨車,ISUZU(五十鈴),4.661,2RG-NJR88AM,4JZ1,2.999,375,110,3.451,13.26
大貨車,ISUZU(五十鈴),4.661,2RG-NJR88AT,4JZ1,2.999,375,110,3.451,13.26
大貨車,ISUZU(五十鈴),4.661,2RG-NKR88AC,4JZ1,2.999,375,110,3.451,13.26
大貨車,ISUZU(五十鈴),4.661,2RG-NKR88AF,4JZ1,2.999,375,110,3.451,13.26
大貨車,ISUZU(五十鈴),4.661,2RG-NKR88AM,4JZ1,2.999,375,110,3.451,13.26
大貨車,ISUZU(五十鈴),4.661,2RG-NKR88AT,4JZ1,2.999,375,110,3.451,13.26
大貨車,ISUZU(五十鈴),4.661,2RG-NKR88C,4JZ1,2.999,375,110,3.451,13.26
大貨車,ISUZU(五十鈴),4.661,2RG-NKR88M,4JZ1,2.999,375,110,3.451,13.26
大貨車,ISUZU(五十鈴),4.661,2RG-NLR88AC,4JZ1,2.999,375,110,3.451,13.26
大貨車,ISUZU(五十鈴),4.661,2RG-NLR88AM,4JZ1,2.999,375,110,3.451,13.26
大貨車,ISUZU(五十鈴),4.661,2RG-NMR88AC,4JZ1,2.999,375,110,3.451,13.26
大貨車,ISUZU(五十鈴),4.661,2RG-NMR88AM,4JZ1,2.999,375,110,3.451,13.26
大貨車,ISUZU(五十鈴),4.661,2RG-NMR88C,4JZ1,2.999,375,110,3.451,13.26
大貨車,ISUZU(五十鈴),4.661,2RG-NMR88M,4JZ1,2.999,375,110,3.451,13.26
大貨車,ISUZU(五十鈴),4.661,2RG-NNR88AC,4JZ1,2.999,375,110,3.451,13.26
大貨車,ISUZU(五十鈴),4.661,2RG-NNR88AM,4JZ1,2.999,375,110,3.451,13.26
大貨車,ISUZU(五十鈴),4.661,2RG-NPR88AC,4JZ1,2.999,375,110,3.451,13.26
大貨車,ISUZU(五十鈴),4.661,2RG-NPR88AM,4JZ1,2.999,375,110,3.451,13.26
大貨車,ISUZU(五十鈴),4.661,2RG-NJR88AF,4JZ1,2.999,375,110,3.451,12.82
大貨車,ISUZU(五十鈴),4.661,2RG-NJR88AM,4JZ1,2.999,375,110,3.451,12.82
大貨車,ISUZU(五十鈴),4.661,2RG-NJR88AF,4JZ1,2.999,375,110,3.451,12.82
大貨車,ISUZU(五十鈴),4.661,2RG-NJR88AM,4JZ1,2.999,375,110,3.451,12.82
大貨車,ISUZU(五十鈴),4.661,2RG-NJR88AT,4JZ1,2.999,375,110,3.451,12.82
大貨車,ISUZU(五十鈴),4.661,2RG-NKR88AC,4JZ1,2.999,375,110,3.451,12.82
大貨車,ISUZU(五十鈴),4.661,2RG-NKR88AF,4JZ1,2.999,375,110,3.451,12.82
大貨車,ISUZU(五十鈴),4.661,2RG-NKR88AM,4JZ1,2.999,375,110,3.451,12.82
大貨車,ISUZU(五十鈴),4.661,2RG-NKR88C,4JZ1,2.999,375,110,3.451,12.82
大貨車,ISUZU(五十鈴),4.661,2RG-NLR88AC,4JZ1,2.999,375,110,3.451,12.82
大貨車,ISUZU(五十鈴),4.661,2RG-NLR88AM,4JZ1,2.999,375,110,3.451,12.82
大貨車,ISUZU(五十鈴),4.661,2RG-NLR88M,4JZ1,2.999,375,110,3.451,12.82
大貨車,ISUZU(五十鈴),4.661,2RG-NMR88AC,4JZ1,2.999,375,110,3.451,12.82
大貨車,ISUZU(五十鈴),4.661,2RG-NMR88AM,4JZ1,2.999,375,110,3.451,12.82
大貨車,ISUZU(五十鈴),4.661,2RG-NMR88C,4JZ1,2.999,375,110,3.451,12.82
大貨車,ISUZU(五十鈴),4.661,2RG-NMR88M,4JZ1,2.999,375,110,3.451,12.82
大貨車,ISUZU(五十鈴),4.661,2RG-NNR88AC,4JZ1,2.999,375,110,3.451,12.82
大貨車,ISUZU(五十鈴),4.661,2RG-NNR88AM,4JZ1,2.999,375,110,3.451,12.82
大貨車,ISUZU(五十鈴),4.661,2RG-NPR88AC,4JZ1,2.999,375,110,3.451,12.82
大貨車,ISUZU(五十鈴),4.661,2RG-NPR88AM,4JZ1,2.999,375,110,3.451,12.82
大貨車,ISUZU(五十鈴),4.661,2RG-NKR88AC,4JZ1,2.999,375,110,3.451,12.79
大貨車,ISUZU(五十鈴),4.661,2RG-NKR88AF,4JZ1,2.999,375,110,3.451,12.79
大貨車,ISUZU(五十鈴),4.661,2RG-NKR88AM,4JZ1,2.999,375,110,3.451,12.79
大貨車,ISUZU(五十鈴),4.661,2RG-NKR88AT,4JZ1,2.999,375,110,3.451,12.79
大貨車,ISUZU(五十鈴),4.661,2RG-NKR88C,4JZ1,2.999,375,110,3.451,12.79
大貨車,ISUZU(五十鈴),4.661,2RG-NKR88M,4JZ1,2.999,375,110,3.451,12.79
大貨車,ISUZU(五十鈴),4.661,2RG-NMR88AC,4JZ1,2.999,375,110,3.451,12.79
大貨車,ISUZU(五十鈴),4.661,2RG-NMR88AM,4JZ1,2.999,375,110,3.451,12.79
大貨車,ISUZU(五十鈴),4.661,2RG-NMR88C,4JZ1,2.999,375,110,3.451,12.79
大貨車,ISUZU(五十鈴),4.661,2RG-NMR88M,4JZ1,2.999,375,110,3.451,12.79
大貨車,ISUZU(五十鈴),4.661,2RG-NPR88AC,4JZ1,2.999,375,110,3.451,12.79
大貨車,ISUZU(五十鈴),4.661,2RG-NPR88AM,4JZ1,2.999,375,110,3.451,12.79
大貨車,ISUZU(五十鈴),4.661,2RG-NJR88A,4JZ1,2.999,375,110,3.451,11.68
大貨車,ISUZU(五十鈴),4.661,2RG-NJR88AN,4JZ1,2.999,375,110,3.451,11.68
大貨車,ISUZU(五十鈴),4.661,2RG-NHR88A,4JZ1,2.999,375,110,3.451,11.68
大貨車,ISUZU(五十鈴),4.661,2RG-NHR88AN,4JZ1,2.999,375,110,3.451,11.68
大貨車,ISUZU(五十鈴),4.661,2RG-NJR88A,4JZ1,2.999,375,110,3.451,11.68
大貨車,ISUZU(五十鈴),4.661,2RG-NJR88AN,4JZ1,2.999,375,110,3.451,11.68
大貨車,ISUZU(五十鈴),4.661,2RG-NJR88N,4JZ1,2.999,375,110,3.451,11.68
大貨車,ISUZU(五十鈴),4.661,2RG-NLR88AN,4JZ1,2.999,375,110,3.451,11.68
大貨車,ISUZU(五十鈴),4.661,2RG-NLR88AR,4JZ1,2.999,375,110,3.451,11.68
大貨車,ISUZU(五十鈴),4.661,2RG-NLR88N,4JZ1,2.999,375,110,3.451,11.68
大貨車,ISUZU(五十鈴),4.661,2RG-NNR88AN,4JZ1,2.999,375,110,3.451,11.68
大貨車,ISUZU(五十鈴),4.661,2RG-NNR88AR,4JZ1,2.999,375,110,3.451,11.68
大貨車,ISUZU(五十鈴),4.661,2RG-NNR88N,4JZ1,2.999,375,110,3.451,11.68
大貨車,ISUZU(五十鈴),4.661,2RG-NHS88A,4JZ1,2.999,375,110,3.451,11.68
大貨車,ISUZU(五十鈴),4.661,2RG-NHS88AN,4JZ1,2.999,375,110,3.451,11.68
大貨車,ISUZU(五十鈴),4.661,2RG-NHS88A,4JZ1,2.999,375,110,3.451,11.68
大貨車,ISUZU(五十鈴),4.661,2RG-NHS88AN,4JZ1,2.999,375,110,3.451,11.68
大貨車,ISUZU(五十鈴),4.661,2RG-NJS88A,4JZ1,2.999,375,110,3.451,11.68
大貨車,ISUZU(五十鈴),4.661,2RG-NJS88AN,4JZ1,2.999,375,110,3.451,11.68
大貨車,ISUZU(五十鈴),4.661,2RG-NLS88AN,4JZ1,2.999,375,110,3.451,11.68
大貨車,ISUZU(五十鈴),4.661,2RG-NLS88AR,4JZ1,2.999,375,110,3.451,11.68
大貨車,ISUZU(五十鈴),4.661,2RG-NNS88AN,4JZ1,2.999,375,110,3.451,11.68
大貨車,ISUZU(五十鈴),4.661,2RG-NJR88A,4JZ1,2.999,375,110,3.451,11.67
大貨車,ISUZU(五十鈴),4.661,2RG-NJR88AN,4JZ1,2.999,375,110,3.451,11.67
大貨車,ISUZU(五十鈴),4.661,2RG-NHR88A,4JZ1,2.999,375,110,3.451,11.67
大貨車,ISUZU(五十鈴),4.661,2RG-NHR88AN,4JZ1,2.999,375,110,3.451,11.67
大貨車,ISUZU(五十鈴),4.661,2RG-NJR88A,4JZ1,2.999,375,110,3.451,11.67
大貨車,ISUZU(五十鈴),4.661,2RG-NJR88AN,4JZ1,2.999,375,110,3.451,11.67
大貨車,ISUZU(五十鈴),4.661,2RG-NJR88N,4JZ1,2.999,375,110,3.451,11.67
大貨車,ISUZU(五十鈴),4.661,2RG-NLR88AN,4JZ1,2.999,375,110,3.451,11.67
大貨車,ISUZU(五十鈴),4.661,2RG-NLR88AR,4JZ1,2.999,375,110,3.451,11.67
大貨車,ISUZU(五十鈴),4.661,2RG-NLR88N,4JZ1,2.999,375,110,3.451,11.67
大貨車,ISUZU(五十鈴),4.661,2RG-NNR88AN,4JZ1,2.999,375,110,3.451,11.67
大貨車,ISUZU(五十鈴),4.661,2RG-NNR88AR,4JZ1,2.999,375,110,3.451,11.67
大貨車,ISUZU(五十鈴),4.661,2RG-NNR88N,4JZ1,2.999,375,110,3.451,11.67
大貨車,ISUZU(五十鈴),4.661,2RG-NHS88A,4JZ1,2.999,375,110,3.451,11.67
大貨車,ISUZU(五十鈴),4.661,2RG-NHS88AN,4JZ1,2.999,375,110,3.451,11.67
大貨車,ISUZU(五十鈴),4.661,2RG-NHS88A,4JZ1,2.999,375,110,3.451,11.67
大貨車,ISUZU(五十鈴),4.661,2RG-NHS88AN,4JZ1,2.999,375,110,3.451,11.67
大貨車,ISUZU(五十鈴),4.661,2RG-NJS88A,4JZ1,2.999,375,110,3.451,11.67
大貨車,ISUZU(五十鈴),4.661,2RG-NJS88AN,4JZ1,2.999,375,110,3.451,11.67
大貨車,ISUZU(五十鈴),4.661,2RG-NLS88AN,4JZ1,2.999,375,110,3.451,11.67
大貨車,ISUZU(五十鈴),4.661,2RG-NLS88AR,4JZ1,2.999,375,110,3.451,11.67
大貨車,ISUZU(五十鈴),4.661,2RG-NNS88AN,4JZ1,2.999,375,110,3.451,11.67
大貨車,ISUZU(五十鈴),4.661,2RG-NKR88A,4JZ1,2.999,375,110,3.451,11.58
大貨車,ISUZU(五十鈴),4.661,2RG-NKR88AN,4JZ1,2.999,375,110,3.451,11.58
大貨車,ISUZU(五十鈴),4.661,2RG-NKR88AR,4JZ1,2.999,375,110,3.451,11.58
大貨車,ISUZU(五十鈴),4.661,2RG-NKR88R,4JZ1,2.999,375,110,3.451,11.58
大貨車,ISUZU(五十鈴),4.661,2RG-NMR88AN,4JZ1,2.999,375,110,3.451,11.58
大貨車,ISUZU(五十鈴),4.661,2RG-NMR88AR,4JZ1,2.999,375,110,3.451,11.58
大貨車,ISUZU(五十鈴),4.661,2RG-NMR88N,4JZ1,2.999,375,110,3.451,11.58
大貨車,ISUZU(五十鈴),4.661,2RG-NMR88R,4JZ1,2.999,375,110,3.451,11.58
大貨車,ISUZU(五十鈴),4.661,2RG-NPR88AN,4JZ1,2.999,375,110,3.451,11.58
大貨車,ISUZU(五十鈴),4.661,2RG-NPR88AR,4JZ1,2.999,375,110,3.451,11.58
大貨車,ISUZU(五十鈴),4.661,2RG-NKR88A,4JZ1,2.999,375,110,3.451,11.56
大貨車,ISUZU(五十鈴),4.661,2RG-NKR88AN,4JZ1,2.999,375,110,3.451,11.56
大貨車,ISUZU(五十鈴),4.661,2RG-NKR88AR,4JZ1,2.999,375,110,3.451,11.56
大貨車,ISUZU(五十鈴),4.661,2RG-NKR88R,4JZ1,2.999,375,110,3.451,11.56
大貨車,ISUZU(五十鈴),4.661,2RG-NMR88AN,4JZ1,2.999,375,110,3.451,11.56
大貨車,ISUZU(五十鈴),4.661,2RG-NMR88AR,4JZ1,2.999,375,110,3.451,11.56
大貨車,ISUZU(五十鈴),4.661,2RG-NMR88N,4JZ1,2.999,375,110,3.451,11.56
大貨車,ISUZU(五十鈴),4.661,2RG-NMR88R,4JZ1,2.999,375,110,3.451,11.56
大貨車,ISUZU(五十鈴),4.661,2RG-NPR88AN,4JZ1,2.999,375,110,3.451,11.56
大貨車,ISUZU(五十鈴),4.661,2RG-NPR88AR,4JZ1,2.999,375,110,3.451,11.56
大貨車,ISUZU(五十鈴),4.661,2RG-NHS88A,4JZ1,2.999,375,110,3.451,11.47
大貨車,ISUZU(五十鈴),4.661,2RG-NHS88AN,4JZ1,2.999,375,110,3.451,11.47
大貨車,ISUZU(五十鈴),4.661,2RG-NHS88A,4JZ1,2.999,375,110,3.451,11.47
大貨車,ISUZU(五十鈴),4.661,2RG-NHS88AN,4JZ1,2.999,375,110,3.451,11.47
大貨車,ISUZU(五十鈴),4.661,2RG-NJS88A,4JZ1,2.999,375,110,3.451,11.47
大貨車,ISUZU(五十鈴),4.661,2RG-NJS88AN,4JZ1,2.999,375,110,3.451,11.47
大貨車,ISUZU(五十鈴),4.661,2RG-NLS88AN,4JZ1,2.999,375,110,3.451,11.47
大貨車,ISUZU(五十鈴),4.661,2RG-NLS88AR,4JZ1,2.999,375,110,3.451,11.47
大貨車,ISUZU(五十鈴),4.661,2RG-NNS88AN,4JZ1,2.999,375,110,3.451,11.47
大貨車,ISUZU(五十鈴),4.661,2RG-NJR88A,4JZ1,2.999,375,110,3.451,11.37
大貨車,ISUZU(五十鈴),4.661,2RG-NJR88AN,4JZ1,2.999,375,110,3.451,11.37
大貨車,ISUZU(五十鈴),4.661,2RG-NHR88A,4JZ1,2.999,375,110,3.451,11.37
大貨車,ISUZU(五十鈴),4.661,2RG-NHR88AN,4JZ1,2.999,375,110,3.451,11.37
大貨車,ISUZU(五十鈴),4.661,2RG-NJR88A,4JZ1,2.999,375,110,3.451,11.37
大貨車,ISUZU(五十鈴),4.661,2RG-NJR88AN,4JZ1,2.999,375,110,3.451,11.37
大貨車,ISUZU(五十鈴),4.661,2RG-NJR88N,4JZ1,2.999,375,110,3.451,11.37
大貨車,ISUZU(五十鈴),4.661,2RG-NKR88A,4JZ1,2.999,375,110,3.451,11.37
大貨車,ISUZU(五十鈴),4.661,2RG-NKR88AN,4JZ1,2.999,375,110,3.451,11.37
大貨車,ISUZU(五十鈴),4.661,2RG-NKR88AR,4JZ1,2.999,375,110,3.451,11.37
大貨車,ISUZU(五十鈴),4.661,2RG-NKR88R,4JZ1,2.999,375,110,3.451,11.37
大貨車,ISUZU(五十鈴),4.661,2RG-NLR88AN,4JZ1,2.999,375,110,3.451,11.37
大貨車,ISUZU(五十鈴),4.661,2RG-NLR88AR,4JZ1,2.999,375,110,3.451,11.37
大貨車,ISUZU(五十鈴),4.661,2RG-NLR88N,4JZ1,2.999,375,110,3.451,11.37
大貨車,ISUZU(五十鈴),4.661,2RG-NMR88AN,4JZ1,2.999,375,110,3.451,11.37
大貨車,ISUZU(五十鈴),4.661,2RG-NMR88AR,4JZ1,2.999,375,110,3.451,11.37
大貨車,ISUZU(五十鈴),4.661,2RG-NMR88N,4JZ1,2.999,375,110,3.451,11.37
大貨車,ISUZU(五十鈴),4.661,2RG-NMR88R,4JZ1,2.999,375,110,3.451,11.37
大貨車,ISUZU(五十鈴),4.661,2RG-NNR88AN,4JZ1,2.999,375,110,3.451,11.37
大貨車,ISUZU(五十鈴),4.661,2RG-NNR88AR,4JZ1,2.999,375,110,3.451,11.37
大貨車,ISUZU(五十鈴),4.661,2RG-NNR88N,4JZ1,2.999,375,110,3.451,11.37
大貨車,ISUZU(五十鈴),4.661,2RG-NPR88AN,4JZ1,2.999,375,110,3.451,11.37
大貨車,ISUZU(五十鈴),4.661,2RG-NPR88AR,4JZ1,2.999,375,110,3.451,11.37
大貨車,ISUZU(五十鈴),4.661,2RG-NKR88A,4JZ1,2.999,375,110,3.451,11.36
大貨車,ISUZU(五十鈴),4.661,2RG-NKR88AD,4JZ1,2.999,375,110,3.451,11.36
大貨車,ISUZU(五十鈴),4.661,2RG-NKR88AN,4JZ1,2.999,375,110,3.451,11.36
大貨車,ISUZU(五十鈴),4.661,2RG-NKR88AR,4JZ1,2.999,375,110,3.451,11.36
大貨車,ISUZU(五十鈴),4.661,2RG-NKR88N,4JZ1,2.999,375,110,3.451,11.36
大貨車,ISUZU(五十鈴),4.661,2RG-NKR88R,4JZ1,2.999,375,110,3.451,11.36
大貨車,ISUZU(五十鈴),4.661,2RG-NMR88AN,4JZ1,2.999,375,110,3.451,11.36
大貨車,ISUZU(五十鈴),4.661,2RG-NMR88AR,4JZ1,2.999,375,110,3.451,11.36
大貨車,ISUZU(五十鈴),4.661,2RG-NMR88N,4JZ1,2.999,375,110,3.451,11.36
大貨車,ISUZU(五十鈴),4.661,2RG-NMR88R,4JZ1,2.999,375,110,3.451,11.36
大貨車,ISUZU(五十鈴),4.661,2RG-NPR88AN,4JZ1,2.999,375,110,3.451,11.36
大貨車,ISUZU(五十鈴),4.661,2RG-NPR88AR,4JZ1,2.999,375,110,3.451,11.36
大貨車,ISUZU(五十鈴),4.661,2RG-NKR88A,4JZ1,2.999,375,110,3.451,11.33
大貨車,ISUZU(五十鈴),4.661,2RG-NKR88AN,4JZ1,2.999,375,110,3.451,11.33
大貨車,ISUZU(五十鈴),4.661,2RG-NKR88AR,4JZ1,2.999,375,110,3.451,11.33
大貨車,ISUZU(五十鈴),4.661,2RG-NKR88R,4JZ1,2.999,375,110,3.451,11.33
大貨車,ISUZU(五十鈴),4.661,2RG-NMR88AN,4JZ1,2.999,375,110,3.451,11.33
大貨車,ISUZU(五十鈴),4.661,2RG-NMR88AR,4JZ1,2.999,375,110,3.451,11.33
大貨車,ISUZU(五十鈴),4.661,2RG-NMR88N,4JZ1,2.999,375,110,3.451,11.33
大貨車,ISUZU(五十鈴),4.661,2RG-NMR88R,4JZ1,2.999,375,110,3.451,11.33
大貨車,ISUZU(五十鈴),4.661,2RG-NPR88AN,4JZ1,2.999,375,110,3.451,11.33
大貨車,ISUZU(五十鈴),4.661,2RG-NPR88AR,4JZ1,2.999,375,110,3.451,11.33
大貨車,ISUZU(五十鈴),4.661,2RG-NJR88A,4JZ1,2.999,375,110,3.451,11.29
大貨車,ISUZU(五十鈴),4.661,2RG-NJR88AN,4JZ1,2.999,375,110,3.451,11.29
大貨車,ISUZU(五十鈴),4.661,2RG-NHR88A,4JZ1,2.999,375,110,3.451,11.29
大貨車,ISUZU(五十鈴),4.661,2RG-NHR88AN,4JZ1,2.999,375,110,3.451,11.29
大貨車,ISUZU(五十鈴),4.661,2RG-NJR88A,4JZ1,2.999,375,110,3.451,11.29
大貨車,ISUZU(五十鈴),4.661,2RG-NJR88AN,4JZ1,2.999,375,110,3.451,11.29
大貨車,ISUZU(五十鈴),4.661,2RG-NJR88N,4JZ1,2.999,375,110,3.451,11.29
大貨車,ISUZU(五十鈴),4.661,2RG-NLR88AN,4JZ1,2.999,375,110,3.451,11.29
大貨車,ISUZU(五十鈴),4.661,2RG-NLR88AR,4JZ1,2.999,375,110,3.451,11.29
大貨車,ISUZU(五十鈴),4.661,2RG-NLR88N,4JZ1,2.999,375,110,3.451,11.29
大貨車,ISUZU(五十鈴),4.661,2RG-NNR88AN,4JZ1,2.999,375,110,3.451,11.29
大貨車,ISUZU(五十鈴),4.661,2RG-NNR88AR,4JZ1,2.999,375,110,3.451,11.29
大貨車,ISUZU(五十鈴),4.661,2RG-NNR88N,4JZ1,2.999,375,110,3.451,11.29
大貨車,ISUZU(五十鈴),4.661,2RG-NHS88A,4JZ1,2.999,375,110,3.451,11.29
大貨車,ISUZU(五十鈴),4.661,2RG-NHS88A,4JZ1,2.999,375,110,3.451,11.29
大貨車,ISUZU(五十鈴),4.661,2RG-NHS88AN,4JZ1,2.999,375,110,3.451,11.29
大貨車,ISUZU(五十鈴),4.661,2RG-NHS88AN,4JZ1,2.999,375,110,3.451,11.29
大貨車,ISUZU(五十鈴),4.661,2RG-NHS88A,4JZ1,2.999,375,110,3.451,11.29
大貨車,ISUZU(五十鈴),4.661,2RG-NHS88A,4JZ1,2.999,375,110,3.451,11.29
大貨車,ISUZU(五十鈴),4.661,2RG-NHS88AN,4JZ1,2.999,375,110,3.451,11.29
大貨車,ISUZU(五十鈴),4.661,2RG-NHS88AN,4JZ1,2.999,375,110,3.451,11.29
大貨車,ISUZU(五十鈴),4.661,2RG-NJS88A,4JZ1,2.999,375,110,3.451,11.29
大貨車,ISUZU(五十鈴),4.661,2RG-NJS88A,4JZ1,2.999,375,110,3.451,11.29
大貨車,ISUZU(五十鈴),4.661,2RG-NJS88AN,4JZ1,2.999,375,110,3.451,11.29
大貨車,ISUZU(五十鈴),4.661,2RG-NJS88AN,4JZ1,2.999,375,110,3.451,11.29
大貨車,ISUZU(五十鈴),4.661,2RG-NLS88AN,4JZ1,2.999,375,110,3.451,11.29
大貨車,ISUZU(五十鈴),4.661,2RG-NLS88AN,4JZ1,2.999,375,110,3.451,11.29
大貨車,ISUZU(五十鈴),4.661,2RG-NLS88AR,4JZ1,2.999,375,110,3.451,11.29
大貨車,ISUZU(五十鈴),4.661,2RG-NLS88AR,4JZ1,2.999,375,110,3.451,11.29
大貨車,ISUZU(五十鈴),4.661,2RG-NNS88AN,4JZ1,2.999,375,110,3.451,11.29
大貨車,ISUZU(五十鈴),4.661,2RG-NNS88AN,4JZ1,2.999,375,110,3.451,11.29
大貨車,ISUZU(五十鈴),4.661,2RG-NJR88A,4JZ1,2.999,375,110,3.451,11.28
大貨車,ISUZU(五十鈴),4.661,2RG-NJR88AN,4JZ1,2.999,375,110,3.451,11.28
大貨車,ISUZU(五十鈴),4.661,2RG-NHR88A,4JZ1,2.999,375,110,3.451,11.28
大貨車,ISUZU(五十鈴),4.661,2RG-NHR88AN,4JZ1,2.999,375,110,3.451,11.28
大貨車,ISUZU(五十鈴),4.661,2RG-NJR88A,4JZ1,2.999,375,110,3.451,11.28
大貨車,ISUZU(五十鈴),4.661,2RG-NJR88AD,4JZ1,2.999,375,110,3.451,11.28
大貨車,ISUZU(五十鈴),4.661,2RG-NJR88AN,4JZ1,2.999,375,110,3.451,11.28
大貨車,ISUZU(五十鈴),4.661,2RG-NJR88N,4JZ1,2.999,375,110,3.451,11.28
大貨車,ISUZU(五十鈴),4.661,2RG-NLR88AN,4JZ1,2.999,375,110,3.451,11.28
大貨車,ISUZU(五十鈴),4.661,2RG-NLR88AR,4JZ1,2.999,375,110,3.451,11.28
大貨車,ISUZU(五十鈴),4.661,2RG-NLR88N,4JZ1,2.999,375,110,3.451,11.28
大貨車,ISUZU(五十鈴),4.661,2RG-NNR88AN,4JZ1,2.999,375,110,3.451,11.28
大貨車,ISUZU(五十鈴),4.661,2RG-NNR88AR,4JZ1,2.999,375,110,3.451,11.28
大貨車,ISUZU(五十鈴),4.661,2RG-NNR88N,4JZ1,2.999,375,110,3.451,11.28
大貨車,ISUZU(五十鈴),4.661,2RG-NHS88A,4JZ1,2.999,375,110,3.451,11.28
大貨車,ISUZU(五十鈴),4.661,2RG-NHS88AN,4JZ1,2.999,375,110,3.451,11.28
大貨車,ISUZU(五十鈴),4.661,2RG-NHS88A,4JZ1,2.999,375,110,3.451,11.28
大貨車,ISUZU(五十鈴),4.661,2RG-NHS88AN,4JZ1,2.999,375,110,3.451,11.28
大貨車,ISUZU(五十鈴),4.661,2RG-NJS88A,4JZ1,2.999,375,110,3.451,11.28
大貨車,ISUZU(五十鈴),4.661,2RG-NJS88AN,4JZ1,2.999,375,110,3.451,11.28
大貨車,ISUZU(五十鈴),4.661,2RG-NLS88AN,4JZ1,2.999,375,110,3.451,11.28
大貨車,ISUZU(五十鈴),4.661,2RG-NLS88AR,4JZ1,2.999,375,110,3.451,11.28
大貨車,ISUZU(五十鈴),4.661,2RG-NNS88AN,4JZ1,2.999,375,110,3.451,11.28
大貨車,ISUZU(五十鈴),4.661,2RG-NKS88A,4JZ1,2.999,375,110,3.451,11.18
大貨車,ISUZU(五十鈴),4.661,2RG-NKS88AN,4JZ1,2.999,375,110,3.451,11.18
大貨車,ISUZU(五十鈴),4.661,2RG-NMS88AN,4JZ1,2.999,375,110,3.451,11.18
大貨車,ISUZU(五十鈴),4.661,2RG-NMS88AR,4JZ1,2.999,375,110,3.451,11.18
大貨車,ISUZU(五十鈴),4.661,2RG-NPS88AN,4JZ1,2.999,375,110,3.451,11.18
大貨車,ISUZU(五十鈴),4.661,2RG-NPS88AR,4JZ1,2.999,375,110,3.451,11.18
大貨車,ISUZU(五十鈴),4.661,2RG-NKS88A,4JZ1,2.999,375,110,3.451,11.15
大貨車,ISUZU(五十鈴),4.661,2RG-NKS88AN,4JZ1,2.999,375,110,3.451,11.15
大貨車,ISUZU(五十鈴),4.661,2RG-NMS88AN,4JZ1,2.999,375,110,3.451,11.15
大貨車,ISUZU(五十鈴),4.661,2RG-NMS88AR,4JZ1,2.999,375,110,3.451,11.15
大貨車,ISUZU(五十鈴),4.661,2RG-NPS88AN,4JZ1,2.999,375,110,3.451,11.15
大貨車,ISUZU(五十鈴),4.661,2RG-NPS88AR,4JZ1,2.999,375,110,3.451,11.15
大貨車,ISUZU(五十鈴),4.661,2RG-NHS88A,4JZ1,2.999,375,110,3.451,11.13
大貨車,ISUZU(五十鈴),4.661,2RG-NHS88AN,4JZ1,2.999,375,110,3.451,11.13
大貨車,ISUZU(五十鈴),4.661,2RG-NHS88A,4JZ1,2.999,375,110,3.451,11.13
大貨車,ISUZU(五十鈴),4.661,2RG-NHS88AN,4JZ1,2.999,375,110,3.451,11.13
大貨車,ISUZU(五十鈴),4.661,2RG-NJS88A,4JZ1,2.999,375,110,3.451,11.13
大貨車,ISUZU(五十鈴),4.661,2RG-NJS88AN,4JZ1,2.999,375,110,3.451,11.13
大貨車,ISUZU(五十鈴),4.661,2RG-NLS88AN,4JZ1,2.999,375,110,3.451,11.13
大貨車,ISUZU(五十鈴),4.661,2RG-NLS88AR,4JZ1,2.999,375,110,3.451,11.13
大貨車,ISUZU(五十鈴),4.661,2RG-NNS88AN,4JZ1,2.999,375,110,3.451,11.13
大貨車,ISUZU(五十鈴),4.661,2RG-NJR88A,4JZ1,2.999,375,110,3.451,11.01
大貨車,ISUZU(五十鈴),4.661,2RG-NJR88AN,4JZ1,2.999,375,110,3.451,11.01
大貨車,ISUZU(五十鈴),4.661,2RG-NHR88A,4JZ1,2.999,375,110,3.451,11.01
大貨車,ISUZU(五十鈴),4.661,2RG-NHR88AN,4JZ1,2.999,375,110,3.451,11.01
大貨車,ISUZU(五十鈴),4.661,2RG-NJR88A,4JZ1,2.999,375,110,3.451,11.01
大貨車,ISUZU(五十鈴),4.661,2RG-NJR88AD,4JZ1,2.999,375,110,3.451,11.01
大貨車,ISUZU(五十鈴),4.661,2RG-NJR88AN,4JZ1,2.999,375,110,3.451,11.01
大貨車,ISUZU(五十鈴),4.661,2RG-NJR88N,4JZ1,2.999,375,110,3.451,11.01
大貨車,ISUZU(五十鈴),4.661,2RG-NKR88A,4JZ1,2.999,375,110,3.451,11.01
大貨車,ISUZU(五十鈴),4.661,2RG-NKR88AD,4JZ1,2.999,375,110,3.451,11.01
大貨車,ISUZU(五十鈴),4.661,2RG-NKR88AN,4JZ1,2.999,375,110,3.451,11.01
大貨車,ISUZU(五十鈴),4.661,2RG-NKR88AR,4JZ1,2.999,375,110,3.451,11.01
大貨車,ISUZU(五十鈴),4.661,2RG-NKR88N,4JZ1,2.999,375,110,3.451,11.01
大貨車,ISUZU(五十鈴),4.661,2RG-NKR88R,4JZ1,2.999,375,110,3.451,11.01
大貨車,ISUZU(五十鈴),4.661,2RG-NLR88AN,4JZ1,2.999,375,110,3.451,11.01
大貨車,ISUZU(五十鈴),4.661,2RG-NLR88AR,4JZ1,2.999,375,110,3.451,11.01
大貨車,ISUZU(五十鈴),4.661,2RG-NLR88N,4JZ1,2.999,375,110,3.451,11.01
大貨車,ISUZU(五十鈴),4.661,2RG-NMR88AN,4JZ1,2.999,375,110,3.451,11.01
大貨車,ISUZU(五十鈴),4.661,2RG-NMR88AR,4JZ1,2.999,375,110,3.451,11.01
大貨車,ISUZU(五十鈴),4.661,2RG-NMR88N,4JZ1,2.999,375,110,3.451,11.01
大貨車,ISUZU(五十鈴),4.661,2RG-NMR88R,4JZ1,2.999,375,110,3.451,11.01
大貨車,ISUZU(五十鈴),4.661,2RG-NNR88AN,4JZ1,2.999,375,110,3.451,11.01
大貨車,ISUZU(五十鈴),4.661,2RG-NNR88AR,4JZ1,2.999,375,110,3.451,11.01
大貨車,ISUZU(五十鈴),4.661,2RG-NNR88N,4JZ1,2.999,375,110,3.451,11.01
大貨車,ISUZU(五十鈴),4.661,2RG-NPR88AN,4JZ1,2.999,375,110,3.451,11.01
大貨車,ISUZU(五十鈴),4.661,2RG-NPR88AR,4JZ1,2.999,375,110,3.451,11.01
大貨車,ISUZU(五十鈴),4.661,2RG-NKS88A,4JZ1,2.999,375,110,3.451,10.99
大貨車,ISUZU(五十鈴),4.661,2RG-NKS88AN,4JZ1,2.999,375,110,3.451,10.99
大貨車,ISUZU(五十鈴),4.661,2RG-NMS88AN,4JZ1,2.999,375,110,3.451,10.99
大貨車,ISUZU(五十鈴),4.661,2RG-NMS88AR,4JZ1,2.999,375,110,3.451,10.99
大貨車,ISUZU(五十鈴),4.661,2RG-NPS88AN,4JZ1,2.999,375,110,3.451,10.99
大貨車,ISUZU(五十鈴),4.661,2RG-NPS88AR,4JZ1,2.999,375,110,3.451,10.99
大貨車,ISUZU(五十鈴),4.661,2RG-NHS88A,4JZ1,2.999,375,110,3.451,10.94
大貨車,ISUZU(五十鈴),4.661,2RG-NHS88AN,4JZ1,2.999,375,110,3.451,10.94
大貨車,ISUZU(五十鈴),4.661,2RG-NHS88A,4JZ1,2.999,375,110,3.451,10.94
大貨車,ISUZU(五十鈴),4.661,2RG-NHS88AN,4JZ1,2.999,375,110,3.451,10.94
大貨車,ISUZU(五十鈴),4.661,2RG-NJS88A,4JZ1,2.999,375,110,3.451,10.94
大貨車,ISUZU(五十鈴),4.661,2RG-NJS88AN,4JZ1,2.999,375,110,3.451,10.94
大貨車,ISUZU(五十鈴),4.661,2RG-NLS88AN,4JZ1,2.999,375,110,3.451,10.94
大貨車,ISUZU(五十鈴),4.661,2RG-NLS88AR,4JZ1,2.999,375,110,3.451,10.94
大貨車,ISUZU(五十鈴),4.661,2RG-NNS88AN,4JZ1,2.999,375,110,3.451,10.94
大貨車,ISUZU(五十鈴),4.661,2RG-NKS88A,4JZ1,2.999,375,110,3.451,10.85
大貨車,ISUZU(五十鈴),4.661,2RG-NKS88AN,4JZ1,2.999,375,110,3.451,10.85
大貨車,ISUZU(五十鈴),4.661,2RG-NMS88AN,4JZ1,2.999,375,110,3.451,10.85
大貨車,ISUZU(五十鈴),4.661,2RG-NMS88AR,4JZ1,2.999,375,110,3.451,10.85
大貨車,ISUZU(五十鈴),4.661,2RG-NPS88AN,4JZ1,2.999,375,110,3.451,10.85
大貨車,ISUZU(五十鈴),4.661,2RG-NPS88AR,4JZ1,2.999,375,110,3.451,10.85
大貨車,ISUZU(五十鈴),4.661,2PG-NKS88A,4JZ1,2.999,375,110,3.451,10.83
大貨車,ISUZU(五十鈴),4.661,2PG-NKS88AD,4JZ1,2.999,375,110,3.451,10.83
大貨車,ISUZU(五十鈴),4.661,2PG-NKS88AN,4JZ1,2.999,375,110,3.451,10.83
大貨車,ISUZU(五十鈴),4.661,2PG-NMS88AN,4JZ1,2.999,375,110,3.451,10.83
大貨車,ISUZU(五十鈴),4.661,2PG-NMS88AR,4JZ1,2.999,375,110,3.451,10.83
大貨車,ISUZU(五十鈴),4.661,2PG-NPS88AN,4JZ1,2.999,375,110,3.451,10.83
大貨車,ISUZU(五十鈴),4.661,2PG-NPS88AR,4JZ1,2.999,375,110,3.451,10.83
大貨車,ISUZU(五十鈴),4.661,2PG-NKS88A,4JZ1,2.999,375,110,3.451,10.82
大貨車,ISUZU(五十鈴),4.661,2PG-NKS88AD,4JZ1,2.999,375,110,3.451,10.82
大貨車,ISUZU(五十鈴),4.661,2PG-NKS88AN,4JZ1,2.999,375,110,3.451,10.82
大貨車,ISUZU(五十鈴),4.661,2PG-NMS88AN,4JZ1,2.999,375,110,3.451,10.82
大貨車,ISUZU(五十鈴),4.661,2PG-NMS88AR,4JZ1,2.999,375,110,3.451,10.82
大貨車,ISUZU(五十鈴),4.661,2PG-NPS88AN,4JZ1,2.999,375,110,3.451,10.82
大貨車,ISUZU(五十鈴),4.661,2PG-NPS88AR,4JZ1,2.999,375,110,3.451,10.82
大貨車,ISUZU(五十鈴),4.661,2PG-NKS88A,4JZ1,2.999,375,110,3.451,10.65
大貨車,ISUZU(五十鈴),4.661,2PG-NKS88AD,4JZ1,2.999,375,110,3.451,10.65
大貨車,ISUZU(五十鈴),4.661,2PG-NKS88AN,4JZ1,2.999,375,110,3.451,10.65
大貨車,ISUZU(五十鈴),4.661,2PG-NMS88AN,4JZ1,2.999,375,110,3.451,10.65
大貨車,ISUZU(五十鈴),4.661,2PG-NMS88AR,4JZ1,2.999,375,110,3.451,10.65
大貨車,ISUZU(五十鈴),4.661,2PG-NPS88AN,4JZ1,2.999,375,110,3.451,10.65
大貨車,ISUZU(五十鈴),4.661,2PG-NPS88AR,4JZ1,2.999,375,110,3.451,10.65
大貨車,ISUZU(五十鈴),5.914,2SG-NMR88AM,4JZ1-HE11,2.999,375,110,4.15455,12.66
大貨車,ISUZU(五十鈴),5.914,2SG-NMR88M,4JZ1-HE11,2.999,375,110,4.15455,12.66
大貨車,ISUZU(五十鈴),5.914,2SG-NPR88AM,4JZ1-HE11,2.999,375,110,4.15455,12.66
大貨車,ISUZU(五十鈴),5.914,2TG-NKR88AF,4JZ1,2.999,375,110,4.15455,12.02
大貨車,ISUZU(五十鈴),5.914,2TG-NKR88AM,4JZ1,2.999,375,110,4.15455,12.02
大貨車,ISUZU(五十鈴),5.914,2TG-NKR88C,4JZ1,2.999,375,110,4.15455,12.02
大貨車,ISUZU(五十鈴),5.914,2TG-NKR88M,4JZ1,2.999,375,110,4.15455,12.02
大貨車,ISUZU(五十鈴),5.914,2TG-NMR88AC,4JZ1,2.999,375,110,4.15455,12.02
大貨車,ISUZU(五十鈴),5.914,2TG-NMR88AM,4JZ1,2.999,375,110,4.15455,12.02
大貨車,ISUZU(五十鈴),5.914,2TG-NMR88C,4JZ1,2.999,375,110,4.15455,12.02
大貨車,ISUZU(五十鈴),5.914,2TG-NMR88M,4JZ1,2.999,375,110,4.15455,12.02
大貨車,ISUZU(五十鈴),5.914,2TG-NPR88AC,4JZ1,2.999,375,110,4.15455,12.02
大貨車,ISUZU(五十鈴),5.914,2TG-NPR88AM,4JZ1,2.999,375,110,4.15455,12.02
大貨車,ISUZU(五十鈴),5.914,2TG-NPR88AC,4JZ1,2.999,430,129,4.15455,11.82
大貨車,ISUZU(五十鈴),5.914,2TG-NPR88AM,4JZ1,2.999,430,129,4.15455,11.82
大貨車,ISUZU(五十鈴),5.914,2RG-NKR88AF,4JZ1,2.999,375,110,4.15455,11.66
大貨車,ISUZU(五十鈴),5.914,2RG-NKR88AM,4JZ1,2.999,375,110,4.15455,11.66
大貨車,ISUZU(五十鈴),5.914,2RG-NKR88C,4JZ1,2.999,375,110,4.15455,11.66
大貨車,ISUZU(五十鈴),5.914,2RG-NKR88M,4JZ1,2.999,375,110,4.15455,11.66
大貨車,ISUZU(五十鈴),5.914,2RG-NMR88AC,4JZ1,2.999,375,110,4.15455,11.66
大貨車,ISUZU(五十鈴),5.914,2RG-NMR88AM,4JZ1,2.999,375,110,4.15455,11.66
大貨車,ISUZU(五十鈴),5.914,2RG-NMR88C,4JZ1,2.999,375,110,4.15455,11.66
大貨車,ISUZU(五十鈴),5.914,2RG-NMR88M,4JZ1,2.999,375,110,4.15455,11.66
大貨車,ISUZU(五十鈴),5.914,2RG-NPR88AC,4JZ1,2.999,375,110,4.15455,11.66
大貨車,ISUZU(五十鈴),5.914,2RG-NPR88AM,4JZ1,2.999,375,110,4.15455,11.66
大貨車,ISUZU(五十鈴),5.914,2SG-NMR88AN,4JZ1-HE11,2.999,375,110,4.15455,11.66
大貨車,ISUZU(五十鈴),5.914,2SG-NMR88N,4JZ1-HE11,2.999,375,110,4.15455,11.66
大貨車,ISUZU(五十鈴),5.914,2SG-NPR88AN,4JZ1-HE11,2.999,375,110,4.15455,11.66
大貨車,ISUZU(五十鈴),5.914,2RG-NPR88AC,4JZ1,2.999,430,129,4.15455,11.65
大貨車,ISUZU(五十鈴),5.914,2RG-NPR88AM,4JZ1,2.999,430,129,4.15455,11.65
大貨車,ISUZU(五十鈴),5.914,2RG-NKR88AF,4JZ1,2.999,375,110,4.15455,11.64
大貨車,ISUZU(五十鈴),5.914,2RG-NKR88AM,4JZ1,2.999,375,110,4.15455,11.64
大貨車,ISUZU(五十鈴),5.914,2RG-NKR88AT,4JZ1,2.999,375,110,4.15455,11.64
大貨車,ISUZU(五十鈴),5.914,2RG-NKR88C,4JZ1,2.999,375,110,4.15455,11.64
大貨車,ISUZU(五十鈴),5.914,2RG-NKR88M,4JZ1,2.999,375,110,4.15455,11.64
大貨車,ISUZU(五十鈴),5.914,2RG-NMR88AC,4JZ1,2.999,375,110,4.15455,11.64
大貨車,ISUZU(五十鈴),5.914,2RG-NMR88AM,4JZ1,2.999,375,110,4.15455,11.64
大貨車,ISUZU(五十鈴),5.914,2RG-NMR88C,4JZ1,2.999,375,110,4.15455,11.64
大貨車,ISUZU(五十鈴),5.914,2RG-NMR88M,4JZ1,2.999,375,110,4.15455,11.64
大貨車,ISUZU(五十鈴),5.914,2RG-NPR88AC,4JZ1,2.999,375,110,4.15455,11.64
大貨車,ISUZU(五十鈴),5.914,2RG-NPR88AM,4JZ1,2.999,375,110,4.15455,11.64
大貨車,ISUZU(五十鈴),5.914,2RG-NPR88AC,4JZ1,2.999,430,129,4.15455,11.38
大貨車,ISUZU(五十鈴),5.914,2RG-NPR88AM,4JZ1,2.999,430,129,4.15455,11.38
大貨車,ISUZU(五十鈴),5.914,2RG-NKR88AF,4JZ1,2.999,375,110,4.15455,11.33
大貨車,ISUZU(五十鈴),5.914,2RG-NKR88AM,4JZ1,2.999,375,110,4.15455,11.33
大貨車,ISUZU(五十鈴),5.914,2RG-NKR88AT,4JZ1,2.999,375,110,4.15455,11.33
大貨車,ISUZU(五十鈴),5.914,2RG-NKR88C,4JZ1,2.999,375,110,4.15455,11.33
大貨車,ISUZU(五十鈴),5.914,2RG-NKR88M,4JZ1,2.999,375,110,4.15455,11.33
大貨車,ISUZU(五十鈴),5.914,2RG-NMR88AC,4JZ1,2.999,375,110,4.15455,11.33
大貨車,ISUZU(五十鈴),5.914,2RG-NMR88AM,4JZ1,2.999,375,110,4.15455,11.33
大貨車,ISUZU(五十鈴),5.914,2RG-NMR88C,4JZ1,2.999,375,110,4.15455,11.33
大貨車,ISUZU(五十鈴),5.914,2RG-NMR88M,4JZ1,2.999,375,110,4.15455,11.33
大貨車,ISUZU(五十鈴),5.914,2RG-NPR88AC,4JZ1,2.999,375,110,4.15455,11.33
大貨車,ISUZU(五十鈴),5.914,2RG-NPR88AM,4JZ1,2.999,375,110,4.15455,11.33
大貨車,ISUZU(五十鈴),5.914,2PG-NPR88AC,4JZ1,2.999,430,129,4.15455,11.08
大貨車,ISUZU(五十鈴),5.914,2PG-NPR88AM,4JZ1,2.999,430,129,4.15455,11.08
大貨車,ISUZU(五十鈴),5.914,2RG-NKR88A,4JZ1,2.999,375,110,4.15455,10.31
大貨車,ISUZU(五十鈴),5.914,2RG-NKR88AN,4JZ1,2.999,375,110,4.15455,10.31
大貨車,ISUZU(五十鈴),5.914,2RG-NKR88N,4JZ1,2.999,375,110,4.15455,10.31
大貨車,ISUZU(五十鈴),5.914,2RG-NKR88R,4JZ1,2.999,375,110,4.15455,10.31
大貨車,ISUZU(五十鈴),5.914,2RG-NMR88AN,4JZ1,2.999,375,110,4.15455,10.31
大貨車,ISUZU(五十鈴),5.914,2RG-NMR88AR,4JZ1,2.999,375,110,4.15455,10.31
大貨車,ISUZU(五十鈴),5.914,2RG-NMR88N,4JZ1,2.999,375,110,4.15455,10.31
大貨車,ISUZU(五十鈴),5.914,2RG-NMR88R,4JZ1,2.999,375,110,4.15455,10.31
大貨車,ISUZU(五十鈴),5.914,2RG-NPR88AN,4JZ1,2.999,375,110,4.15455,10.31
大貨車,ISUZU(五十鈴),5.914,2RG-NPR88AR,4JZ1,2.999,375,110,4.15455,10.31
大貨車,ISUZU(五十鈴),5.914,2RG-NKR88A,4JZ1,2.999,375,110,4.15455,10.29
大貨車,ISUZU(五十鈴),5.914,2RG-NKR88AN,4JZ1,2.999,375,110,4.15455,10.29
大貨車,ISUZU(五十鈴),5.914,2RG-NKR88N,4JZ1,2.999,375,110,4.15455,10.29
大貨車,ISUZU(五十鈴),5.914,2RG-NKR88R,4JZ1,2.999,375,110,4.15455,10.29
大貨車,ISUZU(五十鈴),5.914,2RG-NMR88AN,4JZ1,2.999,375,110,4.15455,10.29
大貨車,ISUZU(五十鈴),5.914,2RG-NMR88AR,4JZ1,2.999,375,110,4.15455,10.29
大貨車,ISUZU(五十鈴),5.914,2RG-NMR88N,4JZ1,2.999,375,110,4.15455,10.29
大貨車,ISUZU(五十鈴),5.914,2RG-NMR88R,4JZ1,2.999,375,110,4.15455,10.29
大貨車,ISUZU(五十鈴),5.914,2RG-NPR88AN,4JZ1,2.999,375,110,4.15455,10.29
大貨車,ISUZU(五十鈴),5.914,2RG-NPR88AR,4JZ1,2.999,375,110,4.15455,10.29
大貨車,ISUZU(五十鈴),5.914,2RG-NPR88AN,4JZ1,2.999,430,129,4.15455,10.28
大貨車,ISUZU(五十鈴),5.914,2RG-NPR88AR,4JZ1,2.999,430,129,4.15455,10.28
大貨車,ISUZU(五十鈴),5.914,2RG-NKR88A,4JZ1,2.999,375,110,4.15455,10.11
大貨車,ISUZU(五十鈴),5.914,2RG-NKR88AN,4JZ1,2.999,375,110,4.15455,10.11
大貨車,ISUZU(五十鈴),5.914,2RG-NKR88N,4JZ1,2.999,375,110,4.15455,10.11
大貨車,ISUZU(五十鈴),5.914,2RG-NKR88R,4JZ1,2.999,375,110,4.15455,10.11
大貨車,ISUZU(五十鈴),5.914,2RG-NMR88AN,4JZ1,2.999,375,110,4.15455,10.11
大貨車,ISUZU(五十鈴),5.914,2RG-NMR88AR,4JZ1,2.999,375,110,4.15455,10.11
大貨車,ISUZU(五十鈴),5.914,2RG-NMR88N,4JZ1,2.999,375,110,4.15455,10.11
大貨車,ISUZU(五十鈴),5.914,2RG-NMR88R,4JZ1,2.999,375,110,4.15455,10.11
大貨車,ISUZU(五十鈴),5.914,2RG-NPR88AN,4JZ1,2.999,375,110,4.15455,10.11
大貨車,ISUZU(五十鈴),5.914,2RG-NPR88AR,4JZ1,2.999,375,110,4.15455,10.11
大貨車,ISUZU(五十鈴),5.914,2RG-NPR88AN,4JZ1,2.999,430,129,4.15455,10.08
大貨車,ISUZU(五十鈴),5.914,2RG-NPR88AR,4JZ1,2.999,430,129,4.15455,10.08
大貨車,ISUZU(五十鈴),5.914,2RG-NPR88AN,4JZ1,2.999,430,129,4.15455,10.05
大貨車,ISUZU(五十鈴),5.914,2RG-NPR88AR,4JZ1,2.999,430,129,4.15455,10.05
大貨車,ISUZU(五十鈴),5.914,2RG-NKR88A,4JZ1,2.999,375,110,4.15455,9.96
大貨車,ISUZU(五十鈴),5.914,2RG-NKR88AD,4JZ1,2.999,375,110,4.15455,9.96
大貨車,ISUZU(五十鈴),5.914,2RG-NKR88AN,4JZ1,2.999,375,110,4.15455,9.96
大貨車,ISUZU(五十鈴),5.914,2RG-NKR88N,4JZ1,2.999,375,110,4.15455,9.96
大貨車,ISUZU(五十鈴),5.914,2RG-NKR88R,4JZ1,2.999,375,110,4.15455,9.96
大貨車,ISUZU(五十鈴),5.914,2RG-NMR88AN,4JZ1,2.999,375,110,4.15455,9.96
大貨車,ISUZU(五十鈴),5.914,2RG-NMR88AR,4JZ1,2.999,375,110,4.15455,9.96
大貨車,ISUZU(五十鈴),5.914,2RG-NMR88N,4JZ1,2.999,375,110,4.15455,9.96
大貨車,ISUZU(五十鈴),5.914,2RG-NMR88R,4JZ1,2.999,375,110,4.15455,9.96
大貨車,ISUZU(五十鈴),5.914,2RG-NPR88AN,4JZ1,2.999,375,110,4.15455,9.96
大貨車,ISUZU(五十鈴),5.914,2RG-NPR88AR,4JZ1,2.999,375,110,4.15455,9.96
大貨車,ISUZU(五十鈴),5.914,2RG-NKR88A,4JZ1,2.999,375,110,4.15455,9.94
大貨車,ISUZU(五十鈴),5.914,2RG-NKR88AN,4JZ1,2.999,375,110,4.15455,9.94
大貨車,ISUZU(五十鈴),5.914,2RG-NKR88N,4JZ1,2.999,375,110,4.15455,9.94
大貨車,ISUZU(五十鈴),5.914,2RG-NKR88R,4JZ1,2.999,375,110,4.15455,9.94
大貨車,ISUZU(五十鈴),5.914,2RG-NMR88AN,4JZ1,2.999,375,110,4.15455,9.94
大貨車,ISUZU(五十鈴),5.914,2RG-NMR88AR,4JZ1,2.999,375,110,4.15455,9.94
大貨車,ISUZU(五十鈴),5.914,2RG-NMR88N,4JZ1,2.999,375,110,4.15455,9.94
大貨車,ISUZU(五十鈴),5.914,2RG-NMR88R,4JZ1,2.999,375,110,4.15455,9.94
大貨車,ISUZU(五十鈴),5.914,2RG-NPR88AN,4JZ1,2.999,375,110,4.15455,9.94
大貨車,ISUZU(五十鈴),5.914,2RG-NPR88AR,4JZ1,2.999,375,110,4.15455,9.94
大貨車,ISUZU(五十鈴),5.914,2PG-NKS88AN,4JZ1,2.999,375,110,4.15455,9.88
大貨車,ISUZU(五十鈴),5.914,2PG-NMS88AN,4JZ1,2.999,375,110,4.15455,9.88
大貨車,ISUZU(五十鈴),5.914,2PG-NPS88AN,4JZ1,2.999,375,110,4.15455,9.88
大貨車,ISUZU(五十鈴),5.914,2PG-NPS88AR,4JZ1,2.999,375,110,4.15455,9.88
大貨車,ISUZU(五十鈴),5.914,2RG-NKR88A,4JZ1,2.999,375,110,4.15455,9.84
大貨車,ISUZU(五十鈴),5.914,2RG-NKR88AD,4JZ1,2.999,375,110,4.15455,9.84
大貨車,ISUZU(五十鈴),5.914,2RG-NKR88AN,4JZ1,2.999,375,110,4.15455,9.84
大貨車,ISUZU(五十鈴),5.914,2RG-NKR88N,4JZ1,2.999,375,110,4.15455,9.84
大貨車,ISUZU(五十鈴),5.914,2RG-NKR88R,4JZ1,2.999,375,110,4.15455,9.84
大貨車,ISUZU(五十鈴),5.914,2RG-NMR88AN,4JZ1,2.999,375,110,4.15455,9.84
大貨車,ISUZU(五十鈴),5.914,2RG-NMR88AR,4JZ1,2.999,375,110,4.15455,9.84
大貨車,ISUZU(五十鈴),5.914,2RG-NMR88N,4JZ1,2.999,375,110,4.15455,9.84
大貨車,ISUZU(五十鈴),5.914,2RG-NMR88R,4JZ1,2.999,375,110,4.15455,9.84
大貨車,ISUZU(五十鈴),5.914,2RG-NPR88AN,4JZ1,2.999,375,110,4.15455,9.84
大貨車,ISUZU(五十鈴),5.914,2RG-NPR88AR,4JZ1,2.999,375,110,4.15455,9.84
大貨車,ISUZU(五十鈴),5.914,2PG-NKS88AN,4JZ1,2.999,375,110,4.15455,9.84
大貨車,ISUZU(五十鈴),5.914,2PG-NMS88AN,4JZ1,2.999,375,110,4.15455,9.84
大貨車,ISUZU(五十鈴),5.914,2PG-NPS88AN,4JZ1,2.999,375,110,4.15455,9.84
大貨車,ISUZU(五十鈴),5.914,2PG-NPS88AR,4JZ1,2.999,375,110,4.15455,9.84
大貨車,ISUZU(五十鈴),5.914,2PG-NKS88AN,4JZ1,2.999,375,110,4.15455,9.82
大貨車,ISUZU(五十鈴),5.914,2PG-NMS88AN,4JZ1,2.999,375,110,4.15455,9.82
大貨車,ISUZU(五十鈴),5.914,2PG-NPS88AN,4JZ1,2.999,375,110,4.15455,9.82
大貨車,ISUZU(五十鈴),5.914,2PG-NPS88AR,4JZ1,2.999,375,110,4.15455,9.82
大貨車,ISUZU(五十鈴),5.914,2RG-NPR88AN,4JZ1,2.999,430,129,4.15455,9.77
大貨車,ISUZU(五十鈴),5.914,2RG-NPR88AR,4JZ1,2.999,430,129,4.15455,9.77
大貨車,ISUZU(五十鈴),5.914,2PG-NKS88AN,4JZ1,2.999,375,110,4.15455,9.66
大貨車,ISUZU(五十鈴),5.914,2PG-NMS88AN,4JZ1,2.999,375,110,4.15455,9.66
大貨車,ISUZU(五十鈴),5.914,2PG-NPS88AN,4JZ1,2.999,375,110,4.15455,9.66
大貨車,ISUZU(五十鈴),5.914,2PG-NPS88AR,4JZ1,2.999,375,110,4.15455,9.66
大貨車,ISUZU(五十鈴),5.914,2PG-NKS88AN,4JZ1,2.999,375,110,4.15455,9.64
大貨車,ISUZU(五十鈴),5.914,2PG-NMS88AN,4JZ1,2.999,375,110,4.15455,9.64
大貨車,ISUZU(五十鈴),5.914,2PG-NPS88AN,4JZ1,2.999,375,110,4.15455,9.64
大貨車,ISUZU(五十鈴),5.914,2PG-NPS88AR,4JZ1,2.999,375,110,4.15455,9.64
大貨車,ISUZU(五十鈴),5.914,2PG-NKS88AN,4JZ1,2.999,375,110,4.15455,9.59
大貨車,ISUZU(五十鈴),5.914,2PG-NMS88AN,4JZ1,2.999,375,110,4.15455,9.59
大貨車,ISUZU(五十鈴),5.914,2PG-NPS88AN,4JZ1,2.999,375,110,4.15455,9.59
大貨車,ISUZU(五十鈴),5.914,2PG-NPS88AR,4JZ1,2.999,375,110,4.15455,9.59
大貨車,ISUZU(五十鈴),5.914,2PG-NKS88AN,4JZ1,2.999,375,110,4.15455,9.52
大貨車,ISUZU(五十鈴),5.914,2PG-NMS88AN,4JZ1,2.999,375,110,4.15455,9.52
大貨車,ISUZU(五十鈴),5.914,2PG-NPS88AN,4JZ1,2.999,375,110,4.15455,9.52
大貨車,ISUZU(五十鈴),5.914,2PG-NPS88AR,4JZ1,2.999,375,110,4.15455,9.52
大貨車,ISUZU(五十鈴),5.914,2PG-NKS88AN,4JZ1,2.999,375,110,4.15455,9.43
大貨車,ISUZU(五十鈴),5.914,2PG-NMS88AN,4JZ1,2.999,375,110,4.15455,9.43
大貨車,ISUZU(五十鈴),5.914,2PG-NPS88AN,4JZ1,2.999,375,110,4.15455,9.43
大貨車,ISUZU(五十鈴),5.914,2PG-NPS88AR,4JZ1,2.999,375,110,4.15455,9.43
大貨車,ISUZU(五十鈴),6.715,2SG-NPR88AM,4JZ1-HE11,2.999,375,110,4.6046499999999995,11.17
大貨車,ISUZU(五十鈴),6.715,2RG-NPR88AC,4JZ1,2.999,430,129,4.6046499999999995,10.8
大貨車,ISUZU(五十鈴),6.715,2RG-NPR88AM,4JZ1,2.999,430,129,4.6046499999999995,10.8
大貨車,ISUZU(五十鈴),6.715,2RG-NPR88M,4JZ1,2.999,430,129,4.6046499999999995,10.8
大貨車,ISUZU(五十鈴),6.715,2RG-NKR88C,4JZ1,2.999,375,110,4.6046499999999995,10.6
大貨車,ISUZU(五十鈴),6.715,2RG-NKR88M,4JZ1,2.999,375,110,4.6046499999999995,10.6
大貨車,ISUZU(五十鈴),6.715,2RG-NMR88C,4JZ1,2.999,375,110,4.6046499999999995,10.6
大貨車,ISUZU(五十鈴),6.715,2RG-NMR88M,4JZ1,2.999,375,110,4.6046499999999995,10.6
大貨車,ISUZU(五十鈴),6.715,2RG-NPR88AC,4JZ1,2.999,375,110,4.6046499999999995,10.6
大貨車,ISUZU(五十鈴),6.715,2RG-NPR88AM,4JZ1,2.999,375,110,4.6046499999999995,10.6
大貨車,ISUZU(五十鈴),6.715,2RG-NPR88M,4JZ1,2.999,375,110,4.6046499999999995,10.6
大貨車,ISUZU(五十鈴),6.715,2RG-NPR88AC,4JZ1,2.999,430,129,4.6046499999999995,10.51
大貨車,ISUZU(五十鈴),6.715,2RG-NPR88AM,4JZ1,2.999,430,129,4.6046499999999995,10.51
大貨車,ISUZU(五十鈴),6.715,2RG-NPR88M,4JZ1,2.999,430,129,4.6046499999999995,10.51
大貨車,ISUZU(五十鈴),6.715,2SG-NPR88AN,4JZ1-HE11,2.999,375,110,4.6046499999999995,10.46
大貨車,ISUZU(五十鈴),6.715,2RG-NKR88C,4JZ1,2.999,375,110,4.6046499999999995,10.33
大貨車,ISUZU(五十鈴),6.715,2RG-NKR88M,4JZ1,2.999,375,110,4.6046499999999995,10.33
大貨車,ISUZU(五十鈴),6.715,2RG-NMR88C,4JZ1,2.999,375,110,4.6046499999999995,10.33
大貨車,ISUZU(五十鈴),6.715,2RG-NMR88M,4JZ1,2.999,375,110,4.6046499999999995,10.33
大貨車,ISUZU(五十鈴),6.715,2RG-NPR88AC,4JZ1,2.999,375,110,4.6046499999999995,10.33
大貨車,ISUZU(五十鈴),6.715,2RG-NPR88AM,4JZ1,2.999,375,110,4.6046499999999995,10.33
大貨車,ISUZU(五十鈴),6.715,2RG-NPR88M,4JZ1,2.999,375,110,4.6046499999999995,10.33
大貨車,ISUZU(五十鈴),6.715,2RG-NKR88C,4JZ1,2.999,375,110,4.6046499999999995,10.26
大貨車,ISUZU(五十鈴),6.715,2RG-NKR88M,4JZ1,2.999,375,110,4.6046499999999995,10.26
大貨車,ISUZU(五十鈴),6.715,2RG-NMR88C,4JZ1,2.999,375,110,4.6046499999999995,10.26
大貨車,ISUZU(五十鈴),6.715,2RG-NMR88M,4JZ1,2.999,375,110,4.6046499999999995,10.26
大貨車,ISUZU(五十鈴),6.715,2RG-NPR88AC,4JZ1,2.999,375,110,4.6046499999999995,10.26
大貨車,ISUZU(五十鈴),6.715,2RG-NPR88AM,4JZ1,2.999,375,110,4.6046499999999995,10.26
大貨車,ISUZU(五十鈴),6.715,2RG-NPR88M,4JZ1,2.999,375,110,4.6046499999999995,10.26
大貨車,ISUZU(五十鈴),6.715,2RG-NPR88AC,4JZ1,2.999,430,129,4.6046499999999995,10.22
大貨車,ISUZU(五十鈴),6.715,2RG-NPR88AM,4JZ1,2.999,430,129,4.6046499999999995,10.22
大貨車,ISUZU(五十鈴),6.715,2RG-NPR88M,4JZ1,2.999,430,129,4.6046499999999995,10.22
大貨車,ISUZU(五十鈴),6.715,2PG-NKR88C,4JZ1,2.999,375,110,4.6046499999999995,10.02
大貨車,ISUZU(五十鈴),6.715,2PG-NKR88M,4JZ1,2.999,375,110,4.6046499999999995,10.02
大貨車,ISUZU(五十鈴),6.715,2PG-NMR88C,4JZ1,2.999,375,110,4.6046499999999995,10.02
大貨車,ISUZU(五十鈴),6.715,2PG-NMR88M,4JZ1,2.999,375,110,4.6046499999999995,10.02
大貨車,ISUZU(五十鈴),6.715,2PG-NPR88AC,4JZ1,2.999,375,110,4.6046499999999995,10.02
大貨車,ISUZU(五十鈴),6.715,2PG-NPR88AM,4JZ1,2.999,375,110,4.6046499999999995,10.02
大貨車,ISUZU(五十鈴),6.715,2PG-NPR88M,4JZ1,2.999,375,110,4.6046499999999995,10.02
大貨車,ISUZU(五十鈴),6.715,2PG-NPR88AC,4JZ1,2.999,430,129,4.6046499999999995,9.98
大貨車,ISUZU(五十鈴),6.715,2PG-NPR88AM,4JZ1,2.999,430,129,4.6046499999999995,9.98
大貨車,ISUZU(五十鈴),6.715,2PG-NPR88M,4JZ1,2.999,430,129,4.6046499999999995,9.98
大貨車,ISUZU(五十鈴),6.715,2RG-NPR88AN,4JZ1,2.999,430,129,4.6046499999999995,9.12
大貨車,ISUZU(五十鈴),6.715,2RG-NPR88AR,4JZ1,2.999,430,129,4.6046499999999995,9.12
大貨車,ISUZU(五十鈴),6.715,2RG-NPR88N,4JZ1,2.999,430,129,4.6046499999999995,9.12
大貨車,ISUZU(五十鈴),6.715,2RG-NPR88AN,4JZ1,2.999,430,129,4.6046499999999995,9.09
大貨車,ISUZU(五十鈴),6.715,2RG-NPR88AR,4JZ1,2.999,430,129,4.6046499999999995,9.09
大貨車,ISUZU(五十鈴),6.715,2RG-NPR88N,4JZ1,2.999,430,129,4.6046499999999995,9.09
大貨車,ISUZU(五十鈴),6.715,2RG-NKR88N,4JZ1,2.999,375,110,4.6046499999999995,9.07
大貨車,ISUZU(五十鈴),6.715,2RG-NKR88R,4JZ1,2.999,375,110,4.6046499999999995,9.07
大貨車,ISUZU(五十鈴),6.715,2RG-NMR88N,4JZ1,2.999,375,110,4.6046499999999995,9.07
大貨車,ISUZU(五十鈴),6.715,2RG-NMR88R,4JZ1,2.999,375,110,4.6046499999999995,9.07
大貨車,ISUZU(五十鈴),6.715,2RG-NPR88AN,4JZ1,2.999,375,110,4.6046499999999995,9.07
大貨車,ISUZU(五十鈴),6.715,2RG-NPR88AR,4JZ1,2.999,375,110,4.6046499999999995,9.07
大貨車,ISUZU(五十鈴),6.715,2RG-NPR88N,4JZ1,2.999,375,110,4.6046499999999995,9.07
大貨車,ISUZU(五十鈴),6.715,2RG-NKR88N,4JZ1,2.999,375,110,4.6046499999999995,9.01
大貨車,ISUZU(五十鈴),6.715,2RG-NKR88R,4JZ1,2.999,375,110,4.6046499999999995,9.01
大貨車,ISUZU(五十鈴),6.715,2RG-NMR88N,4JZ1,2.999,375,110,4.6046499999999995,9.01
大貨車,ISUZU(五十鈴),6.715,2RG-NMR88R,4JZ1,2.999,375,110,4.6046499999999995,9.01
大貨車,ISUZU(五十鈴),6.715,2RG-NPR88AN,4JZ1,2.999,375,110,4.6046499999999995,9.01
大貨車,ISUZU(五十鈴),6.715,2RG-NPR88AR,4JZ1,2.999,375,110,4.6046499999999995,9.01
大貨車,ISUZU(五十鈴),6.715,2RG-NPR88N,4JZ1,2.999,375,110,4.6046499999999995,9.01
大貨車,ISUZU(五十鈴),6.715,2PG-NPR88AN,4JZ1,2.999,430,129,4.6046499999999995,8.95
大貨車,ISUZU(五十鈴),6.715,2PG-NPR88AR,4JZ1,2.999,430,129,4.6046499999999995,8.95
大貨車,ISUZU(五十鈴),6.715,2PG-NPR88N,4JZ1,2.999,430,129,4.6046499999999995,8.95
大貨車,ISUZU(五十鈴),6.715,2RG-NKR88N,4JZ1,2.999,375,110,4.6046499999999995,8.93
大貨車,ISUZU(五十鈴),6.715,2RG-NKR88R,4JZ1,2.999,375,110,4.6046499999999995,8.93
大貨車,ISUZU(五十鈴),6.715,2RG-NMR88N,4JZ1,2.999,375,110,4.6046499999999995,8.93
大貨車,ISUZU(五十鈴),6.715,2RG-NMR88R,4JZ1,2.999,375,110,4.6046499999999995,8.93
大貨車,ISUZU(五十鈴),6.715,2RG-NPR88AN,4JZ1,2.999,375,110,4.6046499999999995,8.93
大貨車,ISUZU(五十鈴),6.715,2RG-NPR88AR,4JZ1,2.999,375,110,4.6046499999999995,8.93
大貨車,ISUZU(五十鈴),6.715,2RG-NPR88N,4JZ1,2.999,375,110,4.6046499999999995,8.93
大貨車,ISUZU(五十鈴),6.715,2PG-NKR88N,4JZ1,2.999,375,110,4.6046499999999995,8.89
大貨車,ISUZU(五十鈴),6.715,2PG-NKR88R,4JZ1,2.999,375,110,4.6046499999999995,8.89
大貨車,ISUZU(五十鈴),6.715,2PG-NMR88N,4JZ1,2.999,375,110,4.6046499999999995,8.89
大貨車,ISUZU(五十鈴),6.715,2PG-NMR88R,4JZ1,2.999,375,110,4.6046499999999995,8.89
大貨車,ISUZU(五十鈴),6.715,2PG-NPR88AN,4JZ1,2.999,375,110,4.6046499999999995,8.89
大貨車,ISUZU(五十鈴),6.715,2PG-NPR88AR,4JZ1,2.999,375,110,4.6046499999999995,8.89
大貨車,ISUZU(五十鈴),6.715,2PG-NPR88N,4JZ1,2.999,375,110,4.6046499999999995,8.89
大貨車,ISUZU(五十鈴),6.715,2PG-NPR88AR,4JZ1,2.999,430,129,4.6046499999999995,8.89
大貨車,ISUZU(五十鈴),6.715,2PG-NPR88N,4JZ1,2.999,430,129,4.6046499999999995,8.89
大貨車,ISUZU(五十鈴),6.715,2PG-NKR88N,4JZ1,2.999,375,110,4.6046499999999995,8.85
大貨車,ISUZU(五十鈴),6.715,2PG-NKR88R,4JZ1,2.999,375,110,4.6046499999999995,8.85
大貨車,ISUZU(五十鈴),6.715,2PG-NMR88N,4JZ1,2.999,375,110,4.6046499999999995,8.85
大貨車,ISUZU(五十鈴),6.715,2PG-NMR88R,4JZ1,2.999,375,110,4.6046499999999995,8.85
大貨車,ISUZU(五十鈴),6.715,2PG-NPR88AN,4JZ1,2.999,375,110,4.6046499999999995,8.85
大貨車,ISUZU(五十鈴),6.715,2PG-NPR88AR,4JZ1,2.999,375,110,4.6046499999999995,8.85
大貨車,ISUZU(五十鈴),6.715,2PG-NPR88N,4JZ1,2.999,375,110,4.6046499999999995,8.85
大貨車,ISUZU(五十鈴),6.715,2PG-NKR88N,4JZ1,2.999,375,110,4.6046499999999995,8.75
大貨車,ISUZU(五十鈴),6.715,2PG-NKR88R,4JZ1,2.999,375,110,4.6046499999999995,8.75
大貨車,ISUZU(五十鈴),6.715,2PG-NMR88N,4JZ1,2.999,375,110,4.6046499999999995,8.75
大貨車,ISUZU(五十鈴),6.715,2PG-NMR88R,4JZ1,2.999,375,110,4.6046499999999995,8.75
大貨車,ISUZU(五十鈴),6.715,2PG-NPR88AN,4JZ1,2.999,375,110,4.6046499999999995,8.75
大貨車,ISUZU(五十鈴),6.715,2PG-NPR88AR,4JZ1,2.999,375,110,4.6046499999999995,8.75
大貨車,ISUZU(五十鈴),6.715,2PG-NPR88N,4JZ1,2.999,375,110,4.6046499999999995,8.75
大貨車,ISUZU(五十鈴),7.822,2RG-NKR88YM,4JZ1,2.999,375,110,5.6475,9.56
大貨車,ISUZU(五十鈴),7.822,2RG-NPR88YAM,4JZ1,2.999,375,110,5.6475,9.56
大貨車,ISUZU(五十鈴),7.822,2RG-NPR88YM,4JZ1,2.999,375,110,5.6475,9.56
大貨車,ISUZU(五十鈴),7.822,2RG-NKR88YM,4JZ1,2.999,375,110,5.6475,9.39
大貨車,ISUZU(五十鈴),7.822,2RG-NPR88YAM,4JZ1,2.999,375,110,5.6475,9.39
大貨車,ISUZU(五十鈴),7.822,2RG-NPR88YM,4JZ1,2.999,375,110,5.6475,9.39
大貨車,ISUZU(五十鈴),7.822,2RG-NPR88YAM,4JZ1,2.999,430,129,5.6475,9.2
大貨車,ISUZU(五十鈴),7.822,2RG-NPR88YM,4JZ1,2.999,430,129,5.6475,9.2
大貨車,ISUZU(五十鈴),7.822,2RG-NPR88YAM,4JZ1,2.999,430,129,5.6475,9.19
大貨車,ISUZU(五十鈴),7.822,2RG-NPR88YM,4JZ1,2.999,430,129,5.6475,9.19
大貨車,ISUZU(五十鈴),7.822,2RG-NKR88YM,4JZ1,2.999,375,110,5.6475,9.17
大貨車,ISUZU(五十鈴),7.822,2RG-NPR88YAM,4JZ1,2.999,375,110,5.6475,9.17
大貨車,ISUZU(五十鈴),7.822,2RG-NPR88YM,4JZ1,2.999,375,110,5.6475,9.17
大貨車,ISUZU(五十鈴),7.822,2RG-NPR88YAM,4JZ1,2.999,430,129,5.6475,9.04
大貨車,ISUZU(五十鈴),7.822,2RG-NPR88YM,4JZ1,2.999,430,129,5.6475,9.04
大貨車,ISUZU(五十鈴),7.822,2PG-NKR88YM,4JZ1,2.999,375,110,5.6475,9.03
大貨車,ISUZU(五十鈴),7.822,2PG-NPR88YAM,4JZ1,2.999,375,110,5.6475,9.03
大貨車,ISUZU(五十鈴),7.822,2PG-NPR88YM,4JZ1,2.999,375,110,5.6475,9.03
大貨車,ISUZU(五十鈴),7.822,2PG-NPR88YAM,4JZ1,2.999,430,129,5.6475,8.98
大貨車,ISUZU(五十鈴),7.822,2PG-NPR88YM,4JZ1,2.999,430,129,5.6475,8.98
大貨車,ISUZU(五十鈴),7.822,2RG-NPR88YN,4JZ1,2.999,430,129,5.6475,8.12
大貨車,ISUZU(五十鈴),7.822,2RG-NPR88YN,4JZ1,2.999,430,129,5.6475,8.09
大貨車,ISUZU(五十鈴),7.822,2RG-NPR88YN,4JZ1,2.999,430,129,5.6475,8.0
大貨車,ISUZU(五十鈴),7.822,2RG-NKR88YN,4JZ1,2.999,375,110,5.6475,7.98
大貨車,ISUZU(五十鈴),7.822,2RG-NPR88YN,4JZ1,2.999,375,110,5.6475,7.98
大貨車,ISUZU(五十鈴),7.822,2RG-NPR88YN,4JZ1,2.999,430,129,5.6475,7.97
大貨車,ISUZU(五十鈴),7.822,2RG-NKR88YN,4JZ1,2.999,375,110,5.6475,7.96
大貨車,ISUZU(五十鈴),7.822,2RG-NPR88YN,4JZ1,2.999,375,110,5.6475,7.96
大貨車,ISUZU(五十鈴),7.822,2PG-NKR88YN,4JZ1,2.999,375,110,5.6475,7.85
大貨車,ISUZU(五十鈴),7.822,2PG-NPR88YN,4JZ1,2.999,375,110,5.6475,7.85
大貨車,ISUZU(五十鈴),7.822,2PG-NKR88YN,4JZ1,2.999,375,110,5.6475,7.84
大貨車,ISUZU(五十鈴),7.822,2PG-NPR88YN,4JZ1,2.999,375,110,5.6475,7.84
大貨車,ISUZU(五十鈴),6.715,2PG-FRR90S3,4HK1,5.193,515,140,4.6046499999999995,10.13
大貨車,ISUZU(五十鈴),6.715,2PG-FRR90S1,4HK1,5.193,515,140,4.6046499999999995,9.89
大貨車,ISUZU(五十鈴),6.715,2KG-FRR90S3,4HK1,5.193,515,140,4.6046499999999995,9.78
大貨車,ISUZU(五十鈴),6.715,2PG-FRR90S3,4HK1,5.193,515,140,4.6046499999999995,9.76
大貨車,ISUZU(五十鈴),6.715,2KG-FRR90S1,4HK1,5.193,515,140,4.6046499999999995,9.55
大貨車,ISUZU(五十鈴),6.715,2PG-FRR90S1,4HK1,5.193,515,140,4.6046499999999995,9.53
大貨車,ISUZU(五十鈴),6.715,2KG-FRR90S3,4HK1,5.193,515,140,4.6046499999999995,9.41
大貨車,ISUZU(五十鈴),6.715,2KG-FRR90S1,4HK1,5.193,515,140,4.6046499999999995,9.2
大貨車,ISUZU(五十鈴),7.822,2RG-FRR90S4,4HK1,5.193,706,154,5.6475,9.06
大貨車,ISUZU(五十鈴),7.822,2RG-FRR90T4,4HK1,5.193,706,154,5.6475,9.06
大貨車,ISUZU(五十鈴),7.822,2RG-FRR90S4,4HK1,5.193,765,177,5.6475,9.03
大貨車,ISUZU(五十鈴),7.822,2RG-FRR90T4,4HK1,5.193,765,177,5.6475,9.03
大貨車,ISUZU(五十鈴),7.822,2RG-FRR90S4,4HK1,5.193,706,154,5.6475,8.95
大貨車,ISUZU(五十鈴),7.822,2RG-FRR90T4,4HK1,5.193,706,154,5.6475,8.95
大貨車,ISUZU(五十鈴),7.822,2RG-FRS90J4,4HK1,5.193,706,154,5.6475,8.95
大貨車,ISUZU(五十鈴),7.822,2RG-FRS90S4,4HK1,5.193,706,154,5.6475,8.95
大貨車,ISUZU(五十鈴),7.822,2RG-FRR90S4,4HK1,5.193,765,177,5.6475,8.93
大貨車,ISUZU(五十鈴),7.822,2RG-FRR90T4,4HK1,5.193,765,177,5.6475,8.93
大貨車,ISUZU(五十鈴),7.822,2RG-FRR90S4,4HK1,5.193,706,154,5.6475,8.91
大貨車,ISUZU(五十鈴),7.822,2RG-FRR90T4,4HK1,5.193,706,154,5.6475,8.91
大貨車,ISUZU(五十鈴),7.822,2RG-FRR90U4,4HK1,5.193,706,154,5.6475,8.91
大貨車,ISUZU(五十鈴),7.822,2RG-FRR90V4,4HK1,5.193,706,154,5.6475,8.91
大貨車,ISUZU(五十鈴),7.822,2RG-FRR90S4,4HK1,5.193,765,177,5.6475,8.87
大貨車,ISUZU(五十鈴),7.822,2RG-FRR90T4,4HK1,5.193,765,177,5.6475,8.87
大貨車,ISUZU(五十鈴),7.822,2RG-FRR90U4,4HK1,5.193,765,177,5.6475,8.87
大貨車,ISUZU(五十鈴),7.822,2RG-FRR90V4,4HK1,5.193,765,177,5.6475,8.87
大貨車,ISUZU(五十鈴),7.822,2RG-FRR90S3,4HK1,5.193,515,140,5.6475,8.84
大貨車,ISUZU(五十鈴),7.822,2PG-FRR90S4,4HK1,5.193,706,154,5.6475,8.84
大貨車,ISUZU(五十鈴),7.822,2PG-FRR90T4,4HK1,5.193,706,154,5.6475,8.84
大貨車,ISUZU(五十鈴),7.822,2RG-FRR90S4,4HK1,5.193,706,154,5.6475,8.81
大貨車,ISUZU(五十鈴),7.822,2RG-FRR90T4,4HK1,5.193,706,154,5.6475,8.81
大貨車,ISUZU(五十鈴),7.822,2RG-FRR90U4,4HK1,5.193,706,154,5.6475,8.81
大貨車,ISUZU(五十鈴),7.822,2RG-FRR90V4,4HK1,5.193,706,154,5.6475,8.81
大貨車,ISUZU(五十鈴),7.822,2PG-FRR90S4,4HK1,5.193,765,177,5.6475,8.81
大貨車,ISUZU(五十鈴),7.822,2PG-FRR90T4,4HK1,5.193,765,177,5.6475,8.81
大貨車,ISUZU(五十鈴),7.822,2RG-FRS90J4,4HK1,5.193,706,154,5.6475,8.81
大貨車,ISUZU(五十鈴),7.822,2RG-FRR90S4,4HK1,5.193,765,177,5.6475,8.77
大貨車,ISUZU(五十鈴),7.822,2RG-FRR90T4,4HK1,5.193,765,177,5.6475,8.77
大貨車,ISUZU(五十鈴),7.822,2RG-FRR90U4,4HK1,5.193,765,177,5.6475,8.77
大貨車,ISUZU(五十鈴),7.822,2RG-FRR90V4,4HK1,5.193,765,177,5.6475,8.77
大貨車,ISUZU(五十鈴),7.822,2PG-FRR90S4,4HK1,5.193,706,154,5.6475,8.74
大貨車,ISUZU(五十鈴),7.822,2PG-FRR90T4,4HK1,5.193,706,154,5.6475,8.74
大貨車,ISUZU(五十鈴),7.822,2PG-FRS90J4,4HK1,5.193,706,154,5.6475,8.74
大貨車,ISUZU(五十鈴),7.822,2PG-FRS90S4,4HK1,5.193,706,154,5.6475,8.74
大貨車,ISUZU(五十鈴),7.822,2PG-FRR90S4,4HK1,5.193,765,177,5.6475,8.71
大貨車,ISUZU(五十鈴),7.822,2PG-FRR90T4,4HK1,5.193,765,177,5.6475,8.71
大貨車,ISUZU(五十鈴),7.822,2RG-FRR90S2,4HK1,5.193,706,154,5.6475,8.7
大貨車,ISUZU(五十鈴),7.822,2RG-FRR90T2,4HK1,5.193,706,154,5.6475,8.7
大貨車,ISUZU(五十鈴),7.822,2RG-FRS90S2,4HK1,5.193,706,154,5.6475,8.7
大貨車,ISUZU(五十鈴),7.822,2PG-FRR90S4,4HK1,5.193,706,154,5.6475,8.69
大貨車,ISUZU(五十鈴),7.822,2PG-FRR90T4,4HK1,5.193,706,154,5.6475,8.69
大貨車,ISUZU(五十鈴),7.822,2PG-FRR90U4,4HK1,5.193,706,154,5.6475,8.69
大貨車,ISUZU(五十鈴),7.822,2PG-FRR90V4,4HK1,5.193,706,154,5.6475,8.69
大貨車,ISUZU(五十鈴),7.822,2RG-FRR90S2,4HK1,5.193,706,154,5.6475,8.68
大貨車,ISUZU(五十鈴),7.822,2RG-FRR90T2,4HK1,5.193,706,154,5.6475,8.68
大貨車,ISUZU(五十鈴),7.822,2RG-FRR90S2,4HK1,5.193,765,177,5.6475,8.67
大貨車,ISUZU(五十鈴),7.822,2RG-FRR90T2,4HK1,5.193,765,177,5.6475,8.67
大貨車,ISUZU(五十鈴),7.822,2RG-FRR90S3,4HK1,5.193,515,140,5.6475,8.66
大貨車,ISUZU(五十鈴),7.822,2RG-FRR90S2,4HK1,5.193,765,177,5.6475,8.66
大貨車,ISUZU(五十鈴),7.822,2RG-FRR90T2,4HK1,5.193,765,177,5.6475,8.66
大貨車,ISUZU(五十鈴),7.822,2PG-FRR90S3,4HK1,5.193,515,140,5.6475,8.64
大貨車,ISUZU(五十鈴),7.822,2PG-FRR90S4,4HK1,5.193,765,177,5.6475,8.64
大貨車,ISUZU(五十鈴),7.822,2PG-FRR90T4,4HK1,5.193,765,177,5.6475,8.64
大貨車,ISUZU(五十鈴),7.822,2PG-FRR90U4,4HK1,5.193,765,177,5.6475,8.64
大貨車,ISUZU(五十鈴),7.822,2PG-FRR90V4,4HK1,5.193,765,177,5.6475,8.64
大貨車,ISUZU(五十鈴),7.822,2RG-FRR90S1,4HK1,5.193,515,140,5.6475,8.59
大貨車,ISUZU(五十鈴),7.822,2PG-FRR90S4,4HK1,5.193,706,154,5.6475,8.59
大貨車,ISUZU(五十鈴),7.822,2PG-FRR90T4,4HK1,5.193,706,154,5.6475,8.59
大貨車,ISUZU(五十鈴),7.822,2PG-FRR90U4,4HK1,5.193,706,154,5.6475,8.59
大貨車,ISUZU(五十鈴),7.822,2PG-FRR90V4,4HK1,5.193,706,154,5.6475,8.59
大貨車,ISUZU(五十鈴),7.822,2PG-FRS90J4,4HK1,5.193,706,154,5.6475,8.59
大貨車,ISUZU(五十鈴),7.822,2PG-FRR90S4,4HK1,5.193,765,177,5.6475,8.55
大貨車,ISUZU(五十鈴),7.822,2PG-FRR90T4,4HK1,5.193,765,177,5.6475,8.55
大貨車,ISUZU(五十鈴),7.822,2PG-FRR90U4,4HK1,5.193,765,177,5.6475,8.55
大貨車,ISUZU(五十鈴),7.822,2PG-FRR90V4,4HK1,5.193,765,177,5.6475,8.55
大貨車,ISUZU(五十鈴),7.822,2PG-FRR90S2,4HK1,5.193,706,154,5.6475,8.5
大貨車,ISUZU(五十鈴),7.822,2PG-FRR90T2,4HK1,5.193,706,154,5.6475,8.5
大貨車,ISUZU(五十鈴),7.822,2PG-FRS90S2,4HK1,5.193,706,154,5.6475,8.5
大貨車,ISUZU(五十鈴),7.822,2PG-FRR90S2,4HK1,5.193,706,154,5.6475,8.49
大貨車,ISUZU(五十鈴),7.822,2PG-FRR90T2,4HK1,5.193,706,154,5.6475,8.49
大貨車,ISUZU(五十鈴),7.822,2PG-FRR90S2,4HK1,5.193,765,177,5.6475,8.47
大貨車,ISUZU(五十鈴),7.822,2PG-FRR90T2,4HK1,5.193,765,177,5.6475,8.47
大貨車,ISUZU(五十鈴),7.822,2PG-FRR90S2,4HK1,5.193,765,177,5.6475,8.46
大貨車,ISUZU(五十鈴),7.822,2PG-FRR90T2,4HK1,5.193,765,177,5.6475,8.46
大貨車,ISUZU(五十鈴),7.822,2PG-FRR90S3,4HK1,5.193,515,140,5.6475,8.45
大貨車,ISUZU(五十鈴),7.822,2RG-FRR90S2,4HK1,5.193,706,154,5.6475,8.44
大貨車,ISUZU(五十鈴),7.822,2RG-FRR90T2,4HK1,5.193,706,154,5.6475,8.44
大貨車,ISUZU(五十鈴),7.822,2RG-FRR90U2,4HK1,5.193,706,154,5.6475,8.44
大貨車,ISUZU(五十鈴),7.822,2RG-FRS90S2,4HK1,5.193,706,154,5.6475,8.44
大貨車,ISUZU(五十鈴),7.822,2RG-FRR90S2,4HK1,5.193,706,154,5.6475,8.43
大貨車,ISUZU(五十鈴),7.822,2RG-FRR90T2,4HK1,5.193,706,154,5.6475,8.43
大貨車,ISUZU(五十鈴),7.822,2RG-FRR90U2,4HK1,5.193,706,154,5.6475,8.43
大貨車,ISUZU(五十鈴),7.822,2RG-FRR90S1,4HK1,5.193,515,140,5.6475,8.41
大貨車,ISUZU(五十鈴),7.822,2PG-FRR90S1,4HK1,5.193,515,140,5.6475,8.4
大貨車,ISUZU(五十鈴),7.822,2RG-FRR90S2,4HK1,5.193,765,177,5.6475,8.32
大貨車,ISUZU(五十鈴),7.822,2RG-FRR90T2,4HK1,5.193,765,177,5.6475,8.32
大貨車,ISUZU(五十鈴),7.822,2RG-FRR90U2,4HK1,5.193,765,177,5.6475,8.32
大貨車,ISUZU(五十鈴),7.822,2RG-FRR90S2,4HK1,5.193,765,177,5.6475,8.31
大貨車,ISUZU(五十鈴),7.822,2RG-FRR90T2,4HK1,5.193,765,177,5.6475,8.31
大貨車,ISUZU(五十鈴),7.822,2RG-FRR90U2,4HK1,5.193,765,177,5.6475,8.31
大貨車,ISUZU(五十鈴),7.822,2PG-FRR90S2,4HK1,5.193,706,154,5.6475,8.24
大貨車,ISUZU(五十鈴),7.822,2PG-FRR90T2,4HK1,5.193,706,154,5.6475,8.24
大貨車,ISUZU(五十鈴),7.822,2PG-FRR90U2,4HK1,5.193,706,154,5.6475,8.24
大貨車,ISUZU(五十鈴),7.822,2PG-FRS90S2,4HK1,5.193,706,154,5.6475,8.24
大貨車,ISUZU(五十鈴),7.822,2PG-FRR90S2,4HK1,5.193,706,154,5.6475,8.23
大貨車,ISUZU(五十鈴),7.822,2PG-FRR90T2,4HK1,5.193,706,154,5.6475,8.23
大貨車,ISUZU(五十鈴),7.822,2PG-FRR90U2,4HK1,5.193,706,154,5.6475,8.23
大貨車,ISUZU(五十鈴),7.822,2PG-FRR90S1,4HK1,5.193,515,140,5.6475,8.22
大貨車,ISUZU(五十鈴),7.822,2PG-FRR90S2,4HK1,5.193,765,177,5.6475,8.12
大貨車,ISUZU(五十鈴),7.822,2PG-FRR90T2,4HK1,5.193,765,177,5.6475,8.12
大貨車,ISUZU(五十鈴),7.822,2PG-FRR90U2,4HK1,5.193,765,177,5.6475,8.12
大貨車,ISUZU(五十鈴),7.822,2PG-FRR90S2,4HK1,5.193,765,177,5.6475,8.11
大貨車,ISUZU(五十鈴),7.822,2PG-FRR90T2,4HK1,5.193,765,177,5.6475,8.11
大貨車,ISUZU(五十鈴),7.822,2PG-FRR90U2,4HK1,5.193,765,177,5.6475,8.11
大貨車,ISUZU(五十鈴),10.509,2RG-FSR90S4,4HK1,5.193,706,154,7.264,7.99
大貨車,ISUZU(五十鈴),10.509,2RG-FSR90T4,4HK1,5.193,706,154,7.264,7.99
大貨車,ISUZU(五十鈴),10.509,2RG-FSR90S4,4HK1,5.193,765,177,7.264,7.99
大貨車,ISUZU(五十鈴),10.509,2RG-FSR90T4,4HK1,5.193,765,177,7.264,7.99
大貨車,ISUZU(五十鈴),10.509,2RG-FSR90S4,4HK1,5.193,706,154,7.264,7.92
大貨車,ISUZU(五十鈴),10.509,2RG-FSR90T4,4HK1,5.193,706,154,7.264,7.92
大貨車,ISUZU(五十鈴),10.509,2RG-FSR90U4,4HK1,5.193,706,154,7.264,7.92
大貨車,ISUZU(五十鈴),10.509,2RG-FSR90V4,4HK1,5.193,706,154,7.264,7.92
大貨車,ISUZU(五十鈴),10.509,2RG-FSR90S4,4HK1,5.193,706,154,7.264,7.91
大貨車,ISUZU(五十鈴),10.509,2RG-FSR90T4,4HK1,5.193,706,154,7.264,7.91
大貨車,ISUZU(五十鈴),10.509,2RG-FSS90J4,4HK1,5.193,706,154,7.264,7.91
大貨車,ISUZU(五十鈴),10.509,2RG-FSS90S4,4HK1,5.193,706,154,7.264,7.91
大貨車,ISUZU(五十鈴),10.509,2RG-FSR90S4,4HK1,5.193,765,177,7.264,7.9
大貨車,ISUZU(五十鈴),10.509,2RG-FSR90T4,4HK1,5.193,765,177,7.264,7.9
大貨車,ISUZU(五十鈴),10.509,2RG-FSR90U4,4HK1,5.193,765,177,7.264,7.9
大貨車,ISUZU(五十鈴),10.509,2RG-FSR90V4,4HK1,5.193,765,177,7.264,7.9
大貨車,ISUZU(五十鈴),10.509,2RG-FSR90S4,4HK1,5.193,706,154,7.264,7.84
大貨車,ISUZU(五十鈴),10.509,2RG-FSR90T4,4HK1,5.193,706,154,7.264,7.84
大貨車,ISUZU(五十鈴),10.509,2RG-FSR90U4,4HK1,5.193,706,154,7.264,7.84
大貨車,ISUZU(五十鈴),10.509,2RG-FSR90V4,4HK1,5.193,706,154,7.264,7.84
大貨車,ISUZU(五十鈴),10.509,2RG-FSS90J4,4HK1,5.193,706,154,7.264,7.84
大貨車,ISUZU(五十鈴),10.509,2PG-FSR90S4,4HK1,5.193,706,154,7.264,7.83
大貨車,ISUZU(五十鈴),10.509,2PG-FSR90T4,4HK1,5.193,706,154,7.264,7.83
大貨車,ISUZU(五十鈴),10.509,2PG-FSR90S4,4HK1,5.193,765,177,7.264,7.82
大貨車,ISUZU(五十鈴),10.509,2PG-FSR90T4,4HK1,5.193,765,177,7.264,7.82
大貨車,ISUZU(五十鈴),10.509,2RG-FSR90S4,4HK1,5.193,765,177,7.264,7.82
大貨車,ISUZU(五十鈴),10.509,2RG-FSR90T4,4HK1,5.193,765,177,7.264,7.82
大貨車,ISUZU(五十鈴),10.509,2RG-FSR90U4,4HK1,5.193,765,177,7.264,7.82
大貨車,ISUZU(五十鈴),10.509,2RG-FSR90V4,4HK1,5.193,765,177,7.264,7.82
大貨車,ISUZU(五十鈴),10.509,2PG-FSR90S4,4HK1,5.193,706,154,7.264,7.76
大貨車,ISUZU(五十鈴),10.509,2PG-FSR90T4,4HK1,5.193,706,154,7.264,7.76
大貨車,ISUZU(五十鈴),10.509,2PG-FSR90U4,4HK1,5.193,706,154,7.264,7.76
大貨車,ISUZU(五十鈴),10.509,2PG-FSR90V4,4HK1,5.193,706,154,7.264,7.76
大貨車,ISUZU(五十鈴),10.509,2PG-FSR90S4,4HK1,5.193,706,154,7.264,7.75
大貨車,ISUZU(五十鈴),10.509,2PG-FSR90T4,4HK1,5.193,706,154,7.264,7.75
大貨車,ISUZU(五十鈴),10.509,2PG-FSR90S4,4HK1,5.193,765,177,7.264,7.75
大貨車,ISUZU(五十鈴),10.509,2PG-FSR90T4,4HK1,5.193,765,177,7.264,7.75
大貨車,ISUZU(五十鈴),10.509,2PG-FSS90J4,4HK1,5.193,706,154,7.264,7.75
大貨車,ISUZU(五十鈴),10.509,2PG-FSS90S4,4HK1,5.193,706,154,7.264,7.75
大貨車,ISUZU(五十鈴),10.509,2RG-FSR90S2,4HK1,5.193,706,154,7.264,7.74
大貨車,ISUZU(五十鈴),10.509,2RG-FSR90T2,4HK1,5.193,706,154,7.264,7.74
大貨車,ISUZU(五十鈴),10.509,2RG-FSR90S2,4HK1,5.193,765,177,7.264,7.74
大貨車,ISUZU(五十鈴),10.509,2RG-FSR90T2,4HK1,5.193,765,177,7.264,7.74
大貨車,ISUZU(五十鈴),10.509,2RG-FSS90S2,4HK1,5.193,706,154,7.264,7.74
大貨車,ISUZU(五十鈴),10.509,2RG-FSR90S2,4HK1,5.193,706,154,7.264,7.73
大貨車,ISUZU(五十鈴),10.509,2RG-FSR90T2,4HK1,5.193,706,154,7.264,7.73
大貨車,ISUZU(五十鈴),10.509,2PG-FSR90S4,4HK1,5.193,765,177,7.264,7.73
大貨車,ISUZU(五十鈴),10.509,2PG-FSR90T4,4HK1,5.193,765,177,7.264,7.73
大貨車,ISUZU(五十鈴),10.509,2PG-FSR90U4,4HK1,5.193,765,177,7.264,7.73
大貨車,ISUZU(五十鈴),10.509,2PG-FSR90V4,4HK1,5.193,765,177,7.264,7.73
大貨車,ISUZU(五十鈴),10.509,2RG-FSR90S2,4HK1,5.193,765,177,7.264,7.73
大貨車,ISUZU(五十鈴),10.509,2RG-FSR90T2,4HK1,5.193,765,177,7.264,7.73
大貨車,ISUZU(五十鈴),10.509,2PG-FSR90S4,4HK1,5.193,706,154,7.264,7.68
大貨車,ISUZU(五十鈴),10.509,2PG-FSR90T4,4HK1,5.193,706,154,7.264,7.68
大貨車,ISUZU(五十鈴),10.509,2PG-FSR90U4,4HK1,5.193,706,154,7.264,7.68
大貨車,ISUZU(五十鈴),10.509,2PG-FSR90V4,4HK1,5.193,706,154,7.264,7.68
大貨車,ISUZU(五十鈴),10.509,2PG-FSS90J4,4HK1,5.193,706,154,7.264,7.68
大貨車,ISUZU(五十鈴),10.509,2PG-FSR90S4,4HK1,5.193,765,177,7.264,7.66
大貨車,ISUZU(五十鈴),10.509,2PG-FSR90T4,4HK1,5.193,765,177,7.264,7.66
大貨車,ISUZU(五十鈴),10.509,2PG-FSR90U4,4HK1,5.193,765,177,7.264,7.66
大貨車,ISUZU(五十鈴),10.509,2PG-FSR90V4,4HK1,5.193,765,177,7.264,7.66
大貨車,ISUZU(五十鈴),10.509,2RG-FSR90S2,4HK1,5.193,706,154,7.264,7.62
大貨車,ISUZU(五十鈴),10.509,2RG-FSR90T2,4HK1,5.193,706,154,7.264,7.62
大貨車,ISUZU(五十鈴),10.509,2RG-FSR90U2,4HK1,5.193,706,154,7.264,7.62
大貨車,ISUZU(五十鈴),10.509,2RG-FSS90S2,4HK1,5.193,706,154,7.264,7.62
大貨車,ISUZU(五十鈴),10.509,2RG-FSR90S2,4HK1,5.193,706,154,7.264,7.61
大貨車,ISUZU(五十鈴),10.509,2RG-FSR90T2,4HK1,5.193,706,154,7.264,7.61
大貨車,ISUZU(五十鈴),10.509,2RG-FSR90U2,4HK1,5.193,706,154,7.264,7.61
大貨車,ISUZU(五十鈴),10.509,2RG-FSR90S2,4HK1,5.193,765,177,7.264,7.61
大貨車,ISUZU(五十鈴),10.509,2RG-FSR90T2,4HK1,5.193,765,177,7.264,7.61
大貨車,ISUZU(五十鈴),10.509,2RG-FSR90U2,4HK1,5.193,765,177,7.264,7.61
大貨車,ISUZU(五十鈴),10.509,2RG-FSR90S2,4HK1,5.193,765,177,7.264,7.6
大貨車,ISUZU(五十鈴),10.509,2RG-FSR90T2,4HK1,5.193,765,177,7.264,7.6
大貨車,ISUZU(五十鈴),10.509,2RG-FSR90U2,4HK1,5.193,765,177,7.264,7.6
大貨車,ISUZU(五十鈴),10.509,2PG-FSR90S2,4HK1,5.193,706,154,7.264,7.59
大貨車,ISUZU(五十鈴),10.509,2PG-FSR90T2,4HK1,5.193,706,154,7.264,7.59
大貨車,ISUZU(五十鈴),10.509,2PG-FSR90S2,4HK1,5.193,765,177,7.264,7.59
大貨車,ISUZU(五十鈴),10.509,2PG-FSR90T2,4HK1,5.193,765,177,7.264,7.59
大貨車,ISUZU(五十鈴),10.509,2PG-FSS90S2,4HK1,5.193,706,154,7.264,7.59
大貨車,ISUZU(五十鈴),10.509,2PG-FSR90S2,4HK1,5.193,706,154,7.264,7.58
大貨車,ISUZU(五十鈴),10.509,2PG-FSR90T2,4HK1,5.193,706,154,7.264,7.58
大貨車,ISUZU(五十鈴),10.509,2PG-FSR90S2,4HK1,5.193,765,177,7.264,7.58
大貨車,ISUZU(五十鈴),10.509,2PG-FSR90T2,4HK1,5.193,765,177,7.264,7.58
大貨車,ISUZU(五十鈴),10.509,2PG-FSR90S2,4HK1,5.193,706,154,7.264,7.47
大貨車,ISUZU(五十鈴),10.509,2PG-FSR90T2,4HK1,5.193,706,154,7.264,7.47
大貨車,ISUZU(五十鈴),10.509,2PG-FSR90U2,4HK1,5.193,706,154,7.264,7.47
大貨車,ISUZU(五十鈴),10.509,2PG-FSS90S2,4HK1,5.193,706,154,7.264,7.47
大貨車,ISUZU(五十鈴),10.509,2PG-FSR90S2,4HK1,5.193,706,154,7.264,7.46
大貨車,ISUZU(五十鈴),10.509,2PG-FSR90T2,4HK1,5.193,706,154,7.264,7.46
大貨車,ISUZU(五十鈴),10.509,2PG-FSR90U2,4HK1,5.193,706,154,7.264,7.46
大貨車,ISUZU(五十鈴),10.509,2PG-FSR90S2,4HK1,5.193,765,177,7.264,7.45
大貨車,ISUZU(五十鈴),10.509,2PG-FSR90T2,4HK1,5.193,765,177,7.264,7.45
大貨車,ISUZU(五十鈴),10.509,2PG-FSR90U2,4HK1,5.193,765,177,7.264,7.45
大貨車,ISUZU(五十鈴),10.509,2PG-FSR90S2,4HK1,5.193,765,177,7.264,7.44
大貨車,ISUZU(五十鈴),10.509,2PG-FSR90T2,4HK1,5.193,765,177,7.264,7.44
大貨車,ISUZU(五十鈴),10.509,2PG-FSR90U2,4HK1,5.193,765,177,7.264,7.44
大貨車,ISUZU(五十鈴),13.438,2RG-FTR90U4,4HK1,5.193,765,177,9.113,6.74
大貨車,ISUZU(五十鈴),13.438,2RG-FTR90V4,4HK1,5.193,765,177,9.113,6.74
大貨車,ISUZU(五十鈴),13.438,2RG-FTR90U4,4HK1,5.193,765,177,9.113,6.68
大貨車,ISUZU(五十鈴),13.438,2RG-FTR90V4,4HK1,5.193,765,177,9.113,6.68
大貨車,ISUZU(五十鈴),13.438,2PG-FTR90U4,4HK1,5.193,765,177,9.113,6.63
大貨車,ISUZU(五十鈴),13.438,2PG-FTR90V4,4HK1,5.193,765,177,9.113,6.63
大貨車,ISUZU(五十鈴),13.438,2RG-FTR90U4,4HK1,5.193,765,177,9.113,6.62
大貨車,ISUZU(五十鈴),13.438,2RG-FTR90V4,4HK1,5.193,765,177,9.113,6.62
大貨車,ISUZU(五十鈴),13.438,2PG-FTR90U4,4HK1,5.193,765,177,9.113,6.57
大貨車,ISUZU(五十鈴),13.438,2PG-FTR90V4,4HK1,5.193,765,177,9.113,6.57
大貨車,ISUZU(五十鈴),13.438,2PG-FTR90U4,4HK1,5.193,765,177,9.113,6.56
大貨車,ISUZU(五十鈴),13.438,2PG-FTR90V4,4HK1,5.193,765,177,9.113,6.56
大貨車,ISUZU(五十鈴),13.438,2RG-FTR90U2,4HK1,5.193,765,177,9.113,6.56
大貨車,ISUZU(五十鈴),13.438,2RG-FTR90V2,4HK1,5.193,765,177,9.113,6.56
大貨車,ISUZU(五十鈴),13.438,2RG-FTS90S2,4HK1,5.193,765,177,9.113,6.56
大貨車,ISUZU(五十鈴),13.438,2RG-FTR90U2,4HK1,5.193,765,177,9.113,6.55
大貨車,ISUZU(五十鈴),13.438,2RG-FTR90V2,4HK1,5.193,765,177,9.113,6.55
大貨車,ISUZU(五十鈴),13.438,2PG-FTR90U4,4HK1,5.193,765,177,9.113,6.5
大貨車,ISUZU(五十鈴),13.438,2PG-FTR90V4,4HK1,5.193,765,177,9.113,6.5
大貨車,ISUZU(五十鈴),13.438,2RG-FTR90U2,4HK1,5.193,765,177,9.113,6.5
大貨車,ISUZU(五十鈴),13.438,2RG-FTR90V2,4HK1,5.193,765,177,9.113,6.5
大貨車,ISUZU(五十鈴),13.438,2RG-FTR90U2,4HK1,5.193,765,177,9.113,6.49
大貨車,ISUZU(五十鈴),13.438,2RG-FTR90V2,4HK1,5.193,765,177,9.113,6.49
大貨車,ISUZU(五十鈴),13.438,2PG-FTR90U2,4HK1,5.193,765,177,9.113,6.45
大貨車,ISUZU(五十鈴),13.438,2PG-FTR90V2,4HK1,5.193,765,177,9.113,6.45
大貨車,ISUZU(五十鈴),13.438,2PG-FTS90S2,4HK1,5.193,765,177,9.113,6.45
大貨車,ISUZU(五十鈴),13.438,2PG-FTR90U2,4HK1,5.193,765,177,9.113,6.44
大貨車,ISUZU(五十鈴),13.438,2PG-FTR90V2,4HK1,5.193,765,177,9.113,6.44
大貨車,ISUZU(五十鈴),13.438,2PG-FTR90U2,4HK1,5.193,765,177,9.113,6.39
大貨車,ISUZU(五十鈴),13.438,2PG-FTR90V2,4HK1,5.193,765,177,9.113,6.39
大貨車,ISUZU(五十鈴),13.438,2PG-FTR90U2,4HK1,5.193,765,177,9.113,6.38
大貨車,ISUZU(五十鈴),13.438,2PG-FTR90V2,4HK1,5.193,765,177,9.113,6.38
大貨車,ISUZU(五十鈴),14.522,2PG-FVR26U4,DB6A,6.69,883,191,10.125,6.11
大貨車,ISUZU(五十鈴),14.522,2PG-FVR26U4,DB6A,6.69,883,191,10.125,6.08
大貨車,ISUZU(五十鈴),14.522,2PG-FVR90U2,4HK1,5.193,765,177,10.125,5.91
大貨車,ISUZU(五十鈴),14.522,2PG-FVR90U2,4HK1,5.193,765,177,10.125,5.88
大貨車,ISUZU(五十鈴),14.522,2PG-FVR26U4,DB6A,6.69,883,191,10.125,5.86
大貨車,ISUZU(五十鈴),14.522,2KG-FVR26U4,DB6A,6.69,883,191,10.125,5.85
大貨車,ISUZU(五十鈴),14.522,2PG-FVR26U4,DB6A,6.69,883,191,10.125,5.84
大貨車,ISUZU(五十鈴),14.522,2PG-FVR90U2,4HK1,5.193,765,177,10.125,5.82
大貨車,ISUZU(五十鈴),14.522,2PG-FVR90U2,4HK1,5.193,765,177,10.125,5.79
大貨車,ISUZU(五十鈴),14.522,2PG-FVR90U2,4HK1,5.193,765,177,10.125,5.65
大貨車,ISUZU(五十鈴),14.522,2PG-FVR90U2,4HK1,5.193,765,177,10.125,5.62
大貨車,ISUZU(五十鈴),14.522,2KG-FVR26U4,DB6A,6.69,883,191,10.125,5.62
大貨車,ISUZU(五十鈴),14.522,2PG-FVR90U2,4HK1,5.193,765,177,10.125,5.57
大貨車,ISUZU(五十鈴),14.522,2PG-FVR90U2,4HK1,5.193,765,177,10.125,5.54
大貨車,ISUZU(五十鈴),19.529,2KG-FVZ60U2,6NX1,7.79,1177,228,13.9195,4.71
大貨車,ISUZU(五十鈴),19.529,2KG-FVZ60U2,6NX1,7.79,1177,228,13.9195,4.7
大貨車,ISUZU(五十鈴),19.529,2DG-FVZ26U4,DB6A,6.69,1081,220,13.9195,4.7
大貨車,ISUZU(五十鈴),19.529,2DG-FVZ26U4,DB6A,6.69,1081,220,13.9195,4.69
大貨車,ISUZU(五十鈴),19.529,2KG-FVZ90U2,4HK1,5.193,765,177,13.9195,4.63
大貨車,ISUZU(五十鈴),19.529,2KG-FVZ60U2,6NX1,7.79,1177,228,13.9195,4.61
大貨車,ISUZU(五十鈴),19.529,2KG-FVZ60U2,6NX1,7.79,1177,228,13.9195,4.59
大貨車,ISUZU(五十鈴),19.529,2DG-FVZ26U4,DB6A,6.69,1081,220,13.9195,4.56
大貨車,ISUZU(五十鈴),19.529,2DG-FVZ26U4,DB6A,6.69,1081,220,13.9195,4.55
大貨車,ISUZU(五十鈴),19.529,2DG-FVZ26U4,DB6A,6.69,1081,220,13.9195,4.53
大貨車,ISUZU(五十鈴),19.529,2KG-FVZ60U2,6NX1,7.79,1177,228,13.9195,4.52
大貨車,ISUZU(五十鈴),19.529,2DG-FVZ26U4,DB6A,6.69,1081,220,13.9195,4.52
大貨車,ISUZU(五十鈴),19.529,2KG-FVZ60U2,6NX1,7.79,1177,228,13.9195,4.51
大貨車,ISUZU(五十鈴),19.529,2KG-FVZ60U2,6NX1,7.79,1177,228,13.9195,4.43
大貨車,ISUZU(五十鈴),19.529,2KG-FVZ60U2,6NX1,7.79,1177,228,13.9195,4.41
大貨車,ISUZU(五十鈴),19.529,2DG-FVZ26U4,DB6A,6.69,1081,220,13.9195,4.4
大貨車,ISUZU(五十鈴),19.529,2DG-FVZ26U4,DB6A,6.69,1081,220,13.9195,4.39
大貨車,ISUZU(五十鈴),24.147,2KG-FVZ60U2,6NX1,7.79,1177,228,17.412200000000002,3.95
大貨車,ISUZU(五十鈴),24.147,2DG-FVZ26U4,DB6A,6.69,1081,220,17.412200000000002,3.95
大貨車,ISUZU(五十鈴),24.147,2DG-FVZ26U4,DB6A,6.69,1081,220,17.412200000000002,3.94
大貨車,ISUZU(五十鈴),24.147,2KG-FVZ60U2,6NX1,7.79,1177,228,17.412200000000002,3.93
大貨車,ISUZU(五十鈴),24.147,2KG-FVZ60U2,6NX1,7.79,1177,228,17.412200000000002,3.89
大貨車,ISUZU(五十鈴),24.147,2KG-FVZ60U2,6NX1,7.79,1177,228,17.412200000000002,3.88
大貨車,ISUZU(五十鈴),24.147,2DG-FVZ26U4,DB6A,6.69,1081,220,17.412200000000002,3.88
大貨車,ISUZU(五十鈴),24.147,2DG-FVZ26U4,DB6A,6.69,1081,220,17.412200000000002,3.87
大貨車,ISUZU(五十鈴),19.529,2RG-CXE77D,6UZ1,9.839,1814,279,13.9195,5.26
大貨車,ISUZU(五十鈴),19.529,2RG-CXG77D,6UZ1,9.839,1814,279,13.9195,5.26
大貨車,ISUZU(五十鈴),19.529,2RG-CXE77D,6UZ1,9.839,1814,279,13.9195,5.26
大貨車,ISUZU(五十鈴),19.529,2RG-CXG77D,6UZ1,9.839,1814,279,13.9195,5.26
大貨車,ISUZU(五十鈴),19.529,2RG-CXM77D,6UZ1,9.839,1814,279,13.9195,5.26
大貨車,ISUZU(五十鈴),19.529,2RG-CXZ77DT,6UZ1,9.839,1814,279,13.9195,5.26
大貨車,ISUZU(五十鈴),19.529,2RG-CXM77D,6UZ1,9.839,1814,279,13.9195,5.26
大貨車,ISUZU(五十鈴),19.529,2RG-CXY77DJ,6UZ1,9.839,1814,279,13.9195,5.26
大貨車,ISUZU(五十鈴),19.529,2RG-CXZ77DT,6UZ1,9.839,1814,279,13.9195,5.26
大貨車,ISUZU(五十鈴),19.529,2PG-CXE77D,6UZ1,9.839,1567,265,13.9195,5.13
大貨車,ISUZU(五十鈴),19.529,2PG-CXG77D,6UZ1,9.839,1567,265,13.9195,5.13
大貨車,ISUZU(五十鈴),19.529,2PG-CXE77D,6UZ1,9.839,1814,279,13.9195,5.13
大貨車,ISUZU(五十鈴),19.529,2PG-CXG77D,6UZ1,9.839,1814,279,13.9195,5.13
大貨車,ISUZU(五十鈴),19.529,2RG-CXE77D,6UZ1,9.839,1814,279,13.9195,5.13
大貨車,ISUZU(五十鈴),19.529,2RG-CXG77D,6UZ1,9.839,1814,279,13.9195,5.13
大貨車,ISUZU(五十鈴),19.529,2PG-CXE77D,6UZ1,9.839,1567,265,13.9195,5.13
大貨車,ISUZU(五十鈴),19.529,2PG-CXG77D,6UZ1,9.839,1567,265,13.9195,5.13
大貨車,ISUZU(五十鈴),19.529,2PG-CXE77D,6UZ1,9.839,1814,279,13.9195,5.13
大貨車,ISUZU(五十鈴),19.529,2PG-CXG77D,6UZ1,9.839,1814,279,13.9195,5.13
大貨車,ISUZU(五十鈴),19.529,2RG-CXE77D,6UZ1,9.839,1814,279,13.9195,5.13
大貨車,ISUZU(五十鈴),19.529,2RG-CXG77D,6UZ1,9.839,1814,279,13.9195,5.13
大貨車,ISUZU(五十鈴),19.529,2PG-CXM77DT,6UZ1,9.839,1567,265,13.9195,5.13
大貨車,ISUZU(五十鈴),19.529,2PG-CXM77D,6UZ1,9.839,1814,279,13.9195,5.13
大貨車,ISUZU(五十鈴),19.529,2RG-CXM77D,6UZ1,9.839,1814,279,13.9195,5.13
大貨車,ISUZU(五十鈴),19.529,2PG-CXZ77DT,6UZ1,9.839,1567,265,13.9195,5.13
大貨車,ISUZU(五十鈴),19.529,2PG-CXZ77DT,6UZ1,9.839,1814,279,13.9195,5.13
大貨車,ISUZU(五十鈴),19.529,2RG-CXZ77DT,6UZ1,9.839,1814,279,13.9195,5.13
大貨車,ISUZU(五十鈴),19.529,2PG-CVR77D,6UZ1,9.839,1567,265,13.9195,5.13
大貨車,ISUZU(五十鈴),19.529,2PG-CXM77DT,6UZ1,9.839,1567,265,13.9195,5.13
大貨車,ISUZU(五十鈴),19.529,2PG-CXM77D,6UZ1,9.839,1814,279,13.9195,5.13
大貨車,ISUZU(五十鈴),19.529,2RG-CXM77D,6UZ1,9.839,1814,279,13.9195,5.13
大貨車,ISUZU(五十鈴),19.529,2PG-CXZ77DT,6UZ1,9.839,1567,265,13.9195,5.13
大貨車,ISUZU(五十鈴),19.529,2PG-CXY77DJ,6UZ1,9.839,1814,279,13.9195,5.13
大貨車,ISUZU(五十鈴),19.529,2PG-CXZ77DT,6UZ1,9.839,1814,279,13.9195,5.13
大貨車,ISUZU(五十鈴),19.529,2RG-CXY77DJ,6UZ1,9.839,1814,279,13.9195,5.13
大貨車,ISUZU(五十鈴),19.529,2RG-CXZ77DT,6UZ1,9.839,1814,279,13.9195,5.13
大貨車,ISUZU(五十鈴),19.529,2PG-CXE77D,6UZ1,9.839,1567,265,13.9195,5.08
大貨車,ISUZU(五十鈴),19.529,2PG-CXG77D,6UZ1,9.839,1567,265,13.9195,5.08
大貨車,ISUZU(五十鈴),19.529,2PG-CXE77D,6UZ1,9.839,1567,265,13.9195,5.08
大貨車,ISUZU(五十鈴),19.529,2PG-CXG77D,6UZ1,9.839,1567,265,13.9195,5.08
大貨車,ISUZU(五十鈴),19.529,2PG-CXM77DT,6UZ1,9.839,1567,265,13.9195,5.08
大貨車,ISUZU(五十鈴),19.529,2PG-CXZ77DT,6UZ1,9.839,1567,265,13.9195,5.08
大貨車,ISUZU(五十鈴),19.529,2PG-CVR77D,6UZ1,9.839,1567,265,13.9195,5.08
大貨車,ISUZU(五十鈴),19.529,2PG-CXM77DT,6UZ1,9.839,1567,265,13.9195,5.08
大貨車,ISUZU(五十鈴),19.529,2PG-CXZ77DT,6UZ1,9.839,1567,265,13.9195,5.08
大貨車,ISUZU(五十鈴),19.529,2PG-CXE77D,6UZ1,9.839,1814,279,13.9195,5.03
大貨車,ISUZU(五十鈴),19.529,2PG-CXG77D,6UZ1,9.839,1814,279,13.9195,5.03
大貨車,ISUZU(五十鈴),19.529,2PG-CXE77D,6UZ1,9.839,1814,279,13.9195,5.03
大貨車,ISUZU(五十鈴),19.529,2PG-CXG77D,6UZ1,9.839,1814,279,13.9195,5.03
大貨車,ISUZU(五十鈴),19.529,2PG-CXM77D,6UZ1,9.839,1814,279,13.9195,5.03
大貨車,ISUZU(五十鈴),19.529,2PG-CXZ77DT,6UZ1,9.839,1814,279,13.9195,5.03
大貨車,ISUZU(五十鈴),19.529,2PG-CXM77D,6UZ1,9.839,1814,279,13.9195,5.03
大貨車,ISUZU(五十鈴),19.529,2PG-CXY77DJ,6UZ1,9.839,1814,279,13.9195,5.03
大貨車,ISUZU(五十鈴),19.529,2PG-CXZ77DT,6UZ1,9.839,1814,279,13.9195,5.03
大貨車,ISUZU(五十鈴),19.529,2PG-CXE77D,6UZ1,9.839,1567,265,13.9195,5.02
大貨車,ISUZU(五十鈴),19.529,2PG-CXG77D,6UZ1,9.839,1567,265,13.9195,5.02
大貨車,ISUZU(五十鈴),19.529,2PG-CXE77D,6UZ1,9.839,1567,265,13.9195,5.02
大貨車,ISUZU(五十鈴),19.529,2PG-CXG77D,6UZ1,9.839,1567,265,13.9195,5.02
大貨車,ISUZU(五十鈴),19.529,2PG-CXM77DT,6UZ1,9.839,1567,265,13.9195,5.02
大貨車,ISUZU(五十鈴),19.529,2PG-CXZ77DT,6UZ1,9.839,1567,265,13.9195,5.02
大貨車,ISUZU(五十鈴),19.529,2PG-CVR77D,6UZ1,9.839,1567,265,13.9195,5.02
大貨車,ISUZU(五十鈴),19.529,2PG-CXM77DT,6UZ1,9.839,1567,265,13.9195,5.02
大貨車,ISUZU(五十鈴),19.529,2PG-CXZ77DT,6UZ1,9.839,1567,265,13.9195,5.02
大貨車,ISUZU(五十鈴),19.529,2PG-CXE77D,6UZ1,9.839,1567,265,13.9195,4.96
大貨車,ISUZU(五十鈴),19.529,2PG-CXG77D,6UZ1,9.839,1567,265,13.9195,4.96
大貨車,ISUZU(五十鈴),19.529,2PG-CXE77D,6UZ1,9.839,1567,265,13.9195,4.96
大貨車,ISUZU(五十鈴),19.529,2PG-CXG77D,6UZ1,9.839,1567,265,13.9195,4.96
大貨車,ISUZU(五十鈴),19.529,2PG-CXM77DT,6UZ1,9.839,1567,265,13.9195,4.96
大貨車,ISUZU(五十鈴),19.529,2PG-CXZ77DT,6UZ1,9.839,1567,265,13.9195,4.96
大貨車,ISUZU(五十鈴),19.529,2PG-CVR77D,6UZ1,9.839,1567,265,13.9195,4.96
大貨車,ISUZU(五十鈴),19.529,2PG-CXM77DT,6UZ1,9.839,1567,265,13.9195,4.96
大貨車,ISUZU(五十鈴),19.529,2PG-CXZ77DT,6UZ1,9.839,1567,265,13.9195,4.96
大貨車,ISUZU(五十鈴),19.529,2PG-CXM77DT,6UZ1,9.839,1567,265,13.9195,4.87
大貨車,ISUZU(五十鈴),19.529,2PG-CXZ77DT,6UZ1,9.839,1567,265,13.9195,4.87
大貨車,ISUZU(五十鈴),19.529,2PG-CVR77D,6UZ1,9.839,1567,265,13.9195,4.87
大貨車,ISUZU(五十鈴),19.529,2PG-CXM77DT,6UZ1,9.839,1567,265,13.9195,4.87
大貨車,ISUZU(五十鈴),19.529,2PG-CXZ77DT,6UZ1,9.839,1567,265,13.9195,4.87
大貨車,ISUZU(五十鈴),19.529,2PG-CXM77DT,6UZ1,9.839,1567,265,13.9195,4.77
大貨車,ISUZU(五十鈴),19.529,2PG-CXZ77DT,6UZ1,9.839,1567,265,13.9195,4.77
大貨車,ISUZU(五十鈴),19.529,2PG-CVR77D,6UZ1,9.839,1567,265,13.9195,4.77
大貨車,ISUZU(五十鈴),19.529,2PG-CXM77DT,6UZ1,9.839,1567,265,13.9195,4.77
大貨車,ISUZU(五十鈴),19.529,2PG-CXZ77DT,6UZ1,9.839,1567,265,13.9195,4.77
大貨車,ISUZU(五十鈴),24.147,2PG-CYH77D,6UZ1,9.839,1814,279,17.412200000000002,4.65
大貨車,ISUZU(五十鈴),24.147,2PG-CYJ77D,6UZ1,9.839,1814,279,17.412200000000002,4.65
大貨車,ISUZU(五十鈴),24.147,2PG-CYJ77DA,6UZ1,9.839,1814,279,17.412200000000002,4.65
大貨車,ISUZU(五十鈴),24.147,2PG-CYJ77DL,6UZ1,9.839,1814,279,17.412200000000002,4.65
大貨車,ISUZU(五十鈴),24.147,2PG-CYJ77DZ,6UZ1,9.839,1814,279,17.412200000000002,4.65
大貨車,ISUZU(五十鈴),24.147,2PG-CYL77D,6UZ1,9.839,1814,279,17.412200000000002,4.65
大貨車,ISUZU(五十鈴),24.147,2PG-CYL77DA,6UZ1,9.839,1814,279,17.412200000000002,4.65
大貨車,ISUZU(五十鈴),24.147,2PG-CYL77DM,6UZ1,9.839,1814,279,17.412200000000002,4.65
大貨車,ISUZU(五十鈴),24.147,2PG-CYL77DZ,6UZ1,9.839,1814,279,17.412200000000002,4.65
大貨車,ISUZU(五十鈴),24.147,2PG-CYM77D,6UZ1,9.839,1814,279,17.412200000000002,4.65
大貨車,ISUZU(五十鈴),24.147,2PG-CYM77DM,6UZ1,9.839,1814,279,17.412200000000002,4.65
大貨車,ISUZU(五十鈴),24.147,2PG-CYM77DZ,6UZ1,9.839,1814,279,17.412200000000002,4.65
大貨車,ISUZU(五十鈴),24.147,2PG-CYY77D,6UZ1,9.839,1814,279,17.412200000000002,4.65
大貨車,ISUZU(五十鈴),24.147,2PG-CYZ77D,6UZ1,9.839,1814,279,17.412200000000002,4.65
大貨車,ISUZU(五十鈴),24.147,2PG-CYZ77DM,6UZ1,9.839,1814,279,17.412200000000002,4.65
大貨車,ISUZU(五十鈴),24.147,2PG-CYL77D,6UZ1,9.839,1814,279,17.412200000000002,4.65
大貨車,ISUZU(五十鈴),24.147,2PG-CYL77DA,6UZ1,9.839,1814,279,17.412200000000002,4.65
大貨車,ISUZU(五十鈴),24.147,2PG-CYL77DM,6UZ1,9.839,1814,279,17.412200000000002,4.65
大貨車,ISUZU(五十鈴),24.147,2PG-CYL77DZ,6UZ1,9.839,1814,279,17.412200000000002,4.65
大貨車,ISUZU(五十鈴),24.147,2PG-CYM77D,6UZ1,9.839,1814,279,17.412200000000002,4.65
大貨車,ISUZU(五十鈴),24.147,2PG-CYM77DM,6UZ1,9.839,1814,279,17.412200000000002,4.65
大貨車,ISUZU(五十鈴),24.147,2PG-CYM77DZ,6UZ1,9.839,1814,279,17.412200000000002,4.65
大貨車,ISUZU(五十鈴),24.147,2PG-CYY77D,6UZ1,9.839,1814,279,17.412200000000002,4.65
大貨車,ISUZU(五十鈴),24.147,2PG-CYY77DJ,6UZ1,9.839,1814,279,17.412200000000002,4.65
大貨車,ISUZU(五十鈴),24.147,2PG-CYY77DU,6UZ1,9.839,1814,279,17.412200000000002,4.65
大貨車,ISUZU(五十鈴),24.147,2PG-CYY77DY,6UZ1,9.839,1814,279,17.412200000000002,4.65
大貨車,ISUZU(五十鈴),24.147,2PG-CYZ77D,6UZ1,9.839,1814,279,17.412200000000002,4.65
大貨車,ISUZU(五十鈴),24.147,2PG-CYZ77DJ,6UZ1,9.839,1814,279,17.412200000000002,4.65
大貨車,ISUZU(五十鈴),24.147,2PG-CYZ77DM,6UZ1,9.839,1814,279,17.412200000000002,4.65
大貨車,ISUZU(五十鈴),24.147,2PG-CYH77D,6UZ1,9.839,1814,279,17.412200000000002,4.57
大貨車,ISUZU(五十鈴),24.147,2PG-CYJ77D,6UZ1,9.839,1814,279,17.412200000000002,4.57
大貨車,ISUZU(五十鈴),24.147,2PG-CYJ77DA,6UZ1,9.839,1814,279,17.412200000000002,4.57
大貨車,ISUZU(五十鈴),24.147,2PG-CYJ77DL,6UZ1,9.839,1814,279,17.412200000000002,4.57
大貨車,ISUZU(五十鈴),24.147,2PG-CYJ77DZ,6UZ1,9.839,1814,279,17.412200000000002,4.57
大貨車,ISUZU(五十鈴),24.147,2PG-CYL77D,6UZ1,9.839,1814,279,17.412200000000002,4.57
大貨車,ISUZU(五十鈴),24.147,2PG-CYL77DA,6UZ1,9.839,1814,279,17.412200000000002,4.57
大貨車,ISUZU(五十鈴),24.147,2PG-CYL77DM,6UZ1,9.839,1814,279,17.412200000000002,4.57
大貨車,ISUZU(五十鈴),24.147,2PG-CYL77DZ,6UZ1,9.839,1814,279,17.412200000000002,4.57
大貨車,ISUZU(五十鈴),24.147,2PG-CYM77D,6UZ1,9.839,1814,279,17.412200000000002,4.57
大貨車,ISUZU(五十鈴),24.147,2PG-CYM77DM,6UZ1,9.839,1814,279,17.412200000000002,4.57
大貨車,ISUZU(五十鈴),24.147,2PG-CYM77DZ,6UZ1,9.839,1814,279,17.412200000000002,4.57
大貨車,ISUZU(五十鈴),24.147,2PG-CYY77D,6UZ1,9.839,1814,279,17.412200000000002,4.57
大貨車,ISUZU(五十鈴),24.147,2PG-CYZ77D,6UZ1,9.839,1814,279,17.412200000000002,4.57
大貨車,ISUZU(五十鈴),24.147,2PG-CYZ77DM,6UZ1,9.839,1814,279,17.412200000000002,4.57
大貨車,ISUZU(五十鈴),24.147,2PG-CYL77D,6UZ1,9.839,1814,279,17.412200000000002,4.57
大貨車,ISUZU(五十鈴),24.147,2PG-CYL77DA,6UZ1,9.839,1814,279,17.412200000000002,4.57
大貨車,ISUZU(五十鈴),24.147,2PG-CYL77DM,6UZ1,9.839,1814,279,17.412200000000002,4.57
大貨車,ISUZU(五十鈴),24.147,2PG-CYL77DZ,6UZ1,9.839,1814,279,17.412200000000002,4.57
大貨車,ISUZU(五十鈴),24.147,2PG-CYM77D,6UZ1,9.839,1814,279,17.412200000000002,4.57
大貨車,ISUZU(五十鈴),24.147,2PG-CYM77DM,6UZ1,9.839,1814,279,17.412200000000002,4.57
大貨車,ISUZU(五十鈴),24.147,2PG-CYM77DZ,6UZ1,9.839,1814,279,17.412200000000002,4.57
大貨車,ISUZU(五十鈴),24.147,2PG-CYY77D,6UZ1,9.839,1814,279,17.412200000000002,4.57
大貨車,ISUZU(五十鈴),24.147,2PG-CYY77DJ,6UZ1,9.839,1814,279,17.412200000000002,4.57
大貨車,ISUZU(五十鈴),24.147,2PG-CYY77DU,6UZ1,9.839,1814,279,17.412200000000002,4.57
大貨車,ISUZU(五十鈴),24.147,2PG-CYY77DY,6UZ1,9.839,1814,279,17.412200000000002,4.57
大貨車,ISUZU(五十鈴),24.147,2PG-CYZ77D,6UZ1,9.839,1814,279,17.412200000000002,4.57
大貨車,ISUZU(五十鈴),24.147,2PG-CYZ77DJ,6UZ1,9.839,1814,279,17.412200000000002,4.57
大貨車,ISUZU(五十鈴),24.147,2PG-CYZ77DM,6UZ1,9.839,1814,279,17.412200000000002,4.57
大貨車,ISUZU(五十鈴),24.147,2PG-CYH77D,6UZ1,9.839,1814,279,17.412200000000002,4.52
大貨車,ISUZU(五十鈴),24.147,2PG-CYJ77D,6UZ1,9.839,1814,279,17.412200000000002,4.52
大貨車,ISUZU(五十鈴),24.147,2PG-CYJ77DA,6UZ1,9.839,1814,279,17.412200000000002,4.52
大貨車,ISUZU(五十鈴),24.147,2PG-CYJ77DL,6UZ1,9.839,1814,279,17.412200000000002,4.52
大貨車,ISUZU(五十鈴),24.147,2PG-CYJ77DZ,6UZ1,9.839,1814,279,17.412200000000002,4.52
大貨車,ISUZU(五十鈴),24.147,2PG-CYL77D,6UZ1,9.839,1814,279,17.412200000000002,4.52
大貨車,ISUZU(五十鈴),24.147,2PG-CYL77DA,6UZ1,9.839,1814,279,17.412200000000002,4.52
大貨車,ISUZU(五十鈴),24.147,2PG-CYL77DM,6UZ1,9.839,1814,279,17.412200000000002,4.52
大貨車,ISUZU(五十鈴),24.147,2PG-CYL77DZ,6UZ1,9.839,1814,279,17.412200000000002,4.52
大貨車,ISUZU(五十鈴),24.147,2PG-CYM77D,6UZ1,9.839,1814,279,17.412200000000002,4.52
大貨車,ISUZU(五十鈴),24.147,2PG-CYM77DM,6UZ1,9.839,1814,279,17.412200000000002,4.52
大貨車,ISUZU(五十鈴),24.147,2PG-CYM77DZ,6UZ1,9.839,1814,279,17.412200000000002,4.52
大貨車,ISUZU(五十鈴),24.147,2PG-CYY77D,6UZ1,9.839,1814,279,17.412200000000002,4.52
大貨車,ISUZU(五十鈴),24.147,2PG-CYZ77D,6UZ1,9.839,1814,279,17.412200000000002,4.52
大貨車,ISUZU(五十鈴),24.147,2PG-CYZ77DM,6UZ1,9.839,1814,279,17.412200000000002,4.52
大貨車,ISUZU(五十鈴),24.147,2PG-CYL77D,6UZ1,9.839,1814,279,17.412200000000002,4.52
大貨車,ISUZU(五十鈴),24.147,2PG-CYL77DA,6UZ1,9.839,1814,279,17.412200000000002,4.52
大貨車,ISUZU(五十鈴),24.147,2PG-CYL77DM,6UZ1,9.839,1814,279,17.412200000000002,4.52
大貨車,ISUZU(五十鈴),24.147,2PG-CYL77DZ,6UZ1,9.839,1814,279,17.412200000000002,4.52
大貨車,ISUZU(五十鈴),24.147,2PG-CYM77D,6UZ1,9.839,1814,279,17.412200000000002,4.52
大貨車,ISUZU(五十鈴),24.147,2PG-CYM77DM,6UZ1,9.839,1814,279,17.412200000000002,4.52
大貨車,ISUZU(五十鈴),24.147,2PG-CYM77DZ,6UZ1,9.839,1814,279,17.412200000000002,4.52
大貨車,ISUZU(五十鈴),24.147,2PG-CYY77D,6UZ1,9.839,1814,279,17.412200000000002,4.52
大貨車,ISUZU(五十鈴),24.147,2PG-CYY77DJ,6UZ1,9.839,1814,279,17.412200000000002,4.52
大貨車,ISUZU(五十鈴),24.147,2PG-CYY77DU,6UZ1,9.839,1814,279,17.412200000000002,4.52
大貨車,ISUZU(五十鈴),24.147,2PG-CYY77DY,6UZ1,9.839,1814,279,17.412200000000002,4.52
大貨車,ISUZU(五十鈴),24.147,2PG-CYZ77D,6UZ1,9.839,1814,279,17.412200000000002,4.52
大貨車,ISUZU(五十鈴),24.147,2PG-CYZ77DJ,6UZ1,9.839,1814,279,17.412200000000002,4.52
大貨車,ISUZU(五十鈴),24.147,2PG-CYZ77DM,6UZ1,9.839,1814,279,17.412200000000002,4.52
大貨車,ISUZU(五十鈴),24.147,2PG-CYE77DM,6UZ1,9.839,1567,265,17.412200000000002,4.5
大貨車,ISUZU(五十鈴),24.147,2PG-CYG77DM,6UZ1,9.839,1567,265,17.412200000000002,4.5
大貨車,ISUZU(五十鈴),24.147,2PG-CYE77DM,6UZ1,9.839,1567,265,17.412200000000002,4.5
大貨車,ISUZU(五十鈴),24.147,2PG-CYG77DM,6UZ1,9.839,1567,265,17.412200000000002,4.5
大貨車,ISUZU(五十鈴),24.147,2PG-CYL77D,6UZ1,9.839,1567,265,17.412200000000002,4.5
大貨車,ISUZU(五十鈴),24.147,2PG-CYL77D,6UZ1,9.839,1567,265,17.412200000000002,4.5
大貨車,ISUZU(五十鈴),24.147,2PG-CYY77DU,6UZ1,9.839,1567,265,17.412200000000002,4.5
大貨車,ISUZU(五十鈴),24.147,2PG-CYY77DY,6UZ1,9.839,1567,265,17.412200000000002,4.5
大貨車,ISUZU(五十鈴),24.147,2PG-CYY77DY,6UZ1,9.839,1567,265,17.412200000000002,4.48
大貨車,ISUZU(五十鈴),24.147,2PG-CYE77DM,6UZ1,9.839,1567,265,17.412200000000002,4.47
大貨車,ISUZU(五十鈴),24.147,2PG-CYG77DM,6UZ1,9.839,1567,265,17.412200000000002,4.47
大貨車,ISUZU(五十鈴),24.147,2PG-CYE77DM,6UZ1,9.839,1567,265,17.412200000000002,4.47
大貨車,ISUZU(五十鈴),24.147,2PG-CYG77DM,6UZ1,9.839,1567,265,17.412200000000002,4.47
大貨車,ISUZU(五十鈴),24.147,2PG-CYL77D,6UZ1,9.839,1567,265,17.412200000000002,4.47
大貨車,ISUZU(五十鈴),24.147,2PG-CYL77D,6UZ1,9.839,1567,265,17.412200000000002,4.47
大貨車,ISUZU(五十鈴),24.147,2PG-CYY77DU,6UZ1,9.839,1567,265,17.412200000000002,4.47
大貨車,ISUZU(五十鈴),24.147,2PG-CYY77DY,6UZ1,9.839,1567,265,17.412200000000002,4.47
大貨車,ISUZU(五十鈴),24.147,2PG-CYH77D,6UZ1,9.839,1814,279,17.412200000000002,4.46
大貨車,ISUZU(五十鈴),24.147,2PG-CYJ77D,6UZ1,9.839,1814,279,17.412200000000002,4.46
大貨車,ISUZU(五十鈴),24.147,2PG-CYJ77DA,6UZ1,9.839,1814,279,17.412200000000002,4.46
大貨車,ISUZU(五十鈴),24.147,2PG-CYJ77DL,6UZ1,9.839,1814,279,17.412200000000002,4.46
大貨車,ISUZU(五十鈴),24.147,2PG-CYJ77DZ,6UZ1,9.839,1814,279,17.412200000000002,4.46
大貨車,ISUZU(五十鈴),24.147,2PG-CYL77D,6UZ1,9.839,1814,279,17.412200000000002,4.46
大貨車,ISUZU(五十鈴),24.147,2PG-CYL77DA,6UZ1,9.839,1814,279,17.412200000000002,4.46
大貨車,ISUZU(五十鈴),24.147,2PG-CYL77DM,6UZ1,9.839,1814,279,17.412200000000002,4.46
大貨車,ISUZU(五十鈴),24.147,2PG-CYL77DZ,6UZ1,9.839,1814,279,17.412200000000002,4.46
大貨車,ISUZU(五十鈴),24.147,2PG-CYM77D,6UZ1,9.839,1814,279,17.412200000000002,4.46
大貨車,ISUZU(五十鈴),24.147,2PG-CYM77DM,6UZ1,9.839,1814,279,17.412200000000002,4.46
大貨車,ISUZU(五十鈴),24.147,2PG-CYM77DZ,6UZ1,9.839,1814,279,17.412200000000002,4.46
大貨車,ISUZU(五十鈴),24.147,2PG-CYY77D,6UZ1,9.839,1814,279,17.412200000000002,4.46
大貨車,ISUZU(五十鈴),24.147,2PG-CYZ77D,6UZ1,9.839,1814,279,17.412200000000002,4.46
大貨車,ISUZU(五十鈴),24.147,2PG-CYZ77DM,6UZ1,9.839,1814,279,17.412200000000002,4.46
大貨車,ISUZU(五十鈴),24.147,2PG-CYL77D,6UZ1,9.839,1814,279,17.412200000000002,4.46
大貨車,ISUZU(五十鈴),24.147,2PG-CYL77DA,6UZ1,9.839,1814,279,17.412200000000002,4.46
大貨車,ISUZU(五十鈴),24.147,2PG-CYL77DM,6UZ1,9.839,1814,279,17.412200000000002,4.46
大貨車,ISUZU(五十鈴),24.147,2PG-CYL77DZ,6UZ1,9.839,1814,279,17.412200000000002,4.46
大貨車,ISUZU(五十鈴),24.147,2PG-CYM77D,6UZ1,9.839,1814,279,17.412200000000002,4.46
大貨車,ISUZU(五十鈴),24.147,2PG-CYM77DM,6UZ1,9.839,1814,279,17.412200000000002,4.46
大貨車,ISUZU(五十鈴),24.147,2PG-CYM77DZ,6UZ1,9.839,1814,279,17.412200000000002,4.46
大貨車,ISUZU(五十鈴),24.147,2PG-CYY77D,6UZ1,9.839,1814,279,17.412200000000002,4.46
大貨車,ISUZU(五十鈴),24.147,2PG-CYY77DJ,6UZ1,9.839,1814,279,17.412200000000002,4.46
大貨車,ISUZU(五十鈴),24.147,2PG-CYY77DU,6UZ1,9.839,1814,279,17.412200000000002,4.46
大貨車,ISUZU(五十鈴),24.147,2PG-CYY77DY,6UZ1,9.839,1814,279,17.412200000000002,4.46
大貨車,ISUZU(五十鈴),24.147,2PG-CYZ77D,6UZ1,9.839,1814,279,17.412200000000002,4.46
大貨車,ISUZU(五十鈴),24.147,2PG-CYZ77DJ,6UZ1,9.839,1814,279,17.412200000000002,4.46
大貨車,ISUZU(五十鈴),24.147,2PG-CYZ77DM,6UZ1,9.839,1814,279,17.412200000000002,4.46
大貨車,ISUZU(五十鈴),24.147,2PG-CYE77DM,6UZ1,9.839,1567,265,17.412200000000002,4.44
大貨車,ISUZU(五十鈴),24.147,2PG-CYG77DM,6UZ1,9.839,1567,265,17.412200000000002,4.44
大貨車,ISUZU(五十鈴),24.147,2PG-CYE77DM,6UZ1,9.839,1567,265,17.412200000000002,4.44
大貨車,ISUZU(五十鈴),24.147,2PG-CYG77DM,6UZ1,9.839,1567,265,17.412200000000002,4.44
大貨車,ISUZU(五十鈴),24.147,2PG-CYL77D,6UZ1,9.839,1567,265,17.412200000000002,4.44
大貨車,ISUZU(五十鈴),24.147,2PG-CYL77D,6UZ1,9.839,1567,265,17.412200000000002,4.44
大貨車,ISUZU(五十鈴),24.147,2PG-CYY77DU,6UZ1,9.839,1567,265,17.412200000000002,4.44
大貨車,ISUZU(五十鈴),24.147,2PG-CYY77DY,6UZ1,9.839,1567,265,17.412200000000002,4.44
大貨車,ISUZU(五十鈴),24.147,2PG-CYY77DY,6UZ1,9.839,1567,265,17.412200000000002,4.41
大貨車,ISUZU(五十鈴),24.147,2PG-CYE77DM,6UZ1,9.839,1567,265,17.412200000000002,4.4
大貨車,ISUZU(五十鈴),24.147,2PG-CYG77DM,6UZ1,9.839,1567,265,17.412200000000002,4.4
大貨車,ISUZU(五十鈴),24.147,2PG-CYE77DM,6UZ1,9.839,1567,265,17.412200000000002,4.4
大貨車,ISUZU(五十鈴),24.147,2PG-CYG77DM,6UZ1,9.839,1567,265,17.412200000000002,4.4
大貨車,ISUZU(五十鈴),24.147,2PG-CYL77D,6UZ1,9.839,1567,265,17.412200000000002,4.4
大貨車,ISUZU(五十鈴),24.147,2PG-CYL77D,6UZ1,9.839,1567,265,17.412200000000002,4.4
大貨車,ISUZU(五十鈴),24.147,2PG-CYY77DU,6UZ1,9.839,1567,265,17.412200000000002,4.4
大貨車,ISUZU(五十鈴),24.147,2PG-CYY77DY,6UZ1,9.839,1567,265,17.412200000000002,4.4
全聯結車(曳引車),ISUZU(五十鈴),41.841,2PG-CVR77DF,6UZ1,9.839,1814,294,27.0705,3.26
全聯結車(曳引車),ISUZU(五十鈴),41.841,2PG-CVR77DF,6UZ1,9.839,1814,294,27.0705,3.22
全聯結車(曳引車),ISUZU(五十鈴),41.841,2RG-CVR77DF,6UZ1,9.839,1814,294,27.0705,3.22
全聯結車(曳引車),ISUZU(五十鈴),41.841,2PG-CVR77DF,6UZ1,9.839,1814,294,27.0705,3.18
全聯結車(曳引車),ISUZU(五十鈴),41.841,2PG-EXD77CG,6UZ1,9.839,1814,294,27.0705,3.1
全聯結車(曳引車),ISUZU(五十鈴),41.841,2PG-EXD77CG,6UZ1,9.839,1814,294,27.0705,3.1
全聯結車(曳引車),ISUZU(五十鈴),41.841,2PG-EXD77CG,6UZ1,9.839,1814,294,27.0705,3.06
全聯結車(曳引車),ISUZU(五十鈴),41.841,2PG-EXD77CG,6UZ1,9.839,1814,294,27.0705,3.06
全聯結車(曳引車),ISUZU(五十鈴),41.841,2PG-EXD77CG,6UZ1,9.839,1814,294,27.0705,3.04
全聯結車(曳引車),ISUZU(五十鈴),41.841,2PG-EXD77CG,6UZ1,9.839,1814,294,27.0705,3.04
全聯結車(曳引車),ISUZU(五十鈴),41.841,2KG-EXD52CD,6WG1,15.681,2256,382,27.0705,3.03
全聯結車(曳引車),ISUZU(五十鈴),41.841,2KG-EXD52CE,6WG1,15.681,2256,382,27.0705,3.03
全聯結車(曳引車),ISUZU(五十鈴),41.841,2KG-EXD52CD,6WG1,15.681,2256,382,27.0705,3.03
全聯結車(曳引車),ISUZU(五十鈴),41.841,2KG-EXD52CE,6WG1,15.681,2256,382,27.0705,3.03
全聯結車(曳引車),ISUZU(五十鈴),41.841,2PG-EXD52CD,6WG1,15.681,2256,338,27.0705,3.01
全聯結車(曳引車),ISUZU(五十鈴),41.841,2PG-EXD52CE,6WG1,15.681,2256,338,27.0705,3.01
全聯結車(曳引車),ISUZU(五十鈴),41.841,2PG-EXD52CG,6WG1,15.681,2256,338,27.0705,3.01
全聯結車(曳引車),ISUZU(五十鈴),41.841,2PG-EXZ52CK,6WG1,15.681,2256,338,27.0705,3.01
全聯結車(曳引車),ISUZU(五十鈴),41.841,2PG-EXD52CD,6WG1,15.681,2256,338,27.0705,3.01
全聯結車(曳引車),ISUZU(五十鈴),41.841,2PG-EXD52CE,6WG1,15.681,2256,338,27.0705,3.01
全聯結車(曳引車),ISUZU(五十鈴),41.841,2PG-EXD52CG,6WG1,15.681,2256,338,27.0705,3.01
全聯結車(曳引車),ISUZU(五十鈴),41.841,2PG-EXY52CK,6WG1,15.681,2256,338,27.0705,3.01
全聯結車(曳引車),ISUZU(五十鈴),41.841,2PG-EXZ52CK,6WG1,15.681,2256,338,27.0705,3.01
全聯結車(曳引車),ISUZU(五十鈴),41.841,2PG-EXD77CG,6UZ1,9.839,1814,294,27.0705,3.0
全聯結車(曳引車),ISUZU(五十鈴),41.841,2PG-EXD77CG,6UZ1,9.839,1814,294,27.0705,3.0
全聯結車(曳引車),ISUZU(五十鈴),41.841,2PG-EXD52CD,6WG1,15.681,2256,309,27.0705,2.99
全聯結車(曳引車),ISUZU(五十鈴),41.841,2PG-EXD52CE,6WG1,15.681,2256,309,27.0705,2.99
全聯結車(曳引車),ISUZU(五十鈴),41.841,2PG-EXD52CG,6WG1,15.681,2256,309,27.0705,2.99
全聯結車(曳引車),ISUZU(五十鈴),41.841,2PG-EXD52CD,6WG1,15.681,2256,309,27.0705,2.99
全聯結車(曳引車),ISUZU(五十鈴),41.841,2PG-EXD52CE,6WG1,15.681,2256,309,27.0705,2.99
全聯結車(曳引車),ISUZU(五十鈴),41.841,2PG-EXD52CG,6WG1,15.681,2256,309,27.0705,2.99
全聯結車(曳引車),ISUZU(五十鈴),41.841,2KG-EXD52CD,6WG1,15.681,2256,382,27.0705,2.97
全聯結車(曳引車),ISUZU(五十鈴),41.841,2KG-EXD52CE,6WG1,15.681,2256,382,27.0705,2.97
全聯結車(曳引車),ISUZU(五十鈴),41.841,2PG-EXD52CD,6WG1,15.681,2256,338,27.0705,2.97
全聯結車(曳引車),ISUZU(五十鈴),41.841,2PG-EXD52CE,6WG1,15.681,2256,338,27.0705,2.97
全聯結車(曳引車),ISUZU(五十鈴),41.841,2PG-EXD52CG,6WG1,15.681,2256,338,27.0705,2.97
全聯結車(曳引車),ISUZU(五十鈴),41.841,2PG-EXZ52CK,6WG1,15.681,2256,338,27.0705,2.97
全聯結車(曳引車),ISUZU(五十鈴),41.841,2KG-EXD52CD,6WG1,15.681,2256,382,27.0705,2.97
全聯結車(曳引車),ISUZU(五十鈴),41.841,2KG-EXD52CE,6WG1,15.681,2256,382,27.0705,2.97
全聯結車(曳引車),ISUZU(五十鈴),41.841,2PG-EXD52CD,6WG1,15.681,2256,338,27.0705,2.97
全聯結車(曳引車),ISUZU(五十鈴),41.841,2PG-EXD52CE,6WG1,15.681,2256,338,27.0705,2.97
全聯結車(曳引車),ISUZU(五十鈴),41.841,2PG-EXD52CG,6WG1,15.681,2256,338,27.0705,2.97
全聯結車(曳引車),ISUZU(五十鈴),41.841,2PG-EXY52CK,6WG1,15.681,2256,338,27.0705,2.97
全聯結車(曳引車),ISUZU(五十鈴),41.841,2PG-EXZ52CK,6WG1,15.681,2256,338,27.0705,2.97
全聯結車(曳引車),ISUZU(五十鈴),41.841,2KG-EXD52CD,6WG1,15.681,2256,338,27.0705,2.95
全聯結車(曳引車),ISUZU(五十鈴),41.841,2KG-EXD52CE,6WG1,15.681,2256,338,27.0705,2.95
全聯結車(曳引車),ISUZU(五十鈴),41.841,2KG-EXD52CG,6WG1,15.681,2256,338,27.0705,2.95
全聯結車(曳引車),ISUZU(五十鈴),41.841,2KG-EXZ52CK,6WG1,15.681,2256,338,27.0705,2.95
全聯結車(曳引車),ISUZU(五十鈴),41.841,2KG-EXD52CD,6WG1,15.681,2256,338,27.0705,2.95
全聯結車(曳引車),ISUZU(五十鈴),41.841,2KG-EXD52CE,6WG1,15.681,2256,338,27.0705,2.95
全聯結車(曳引車),ISUZU(五十鈴),41.841,2KG-EXD52CG,6WG1,15.681,2256,338,27.0705,2.95
全聯結車(曳引車),ISUZU(五十鈴),41.841,2KG-EXY52CK,6WG1,15.681,2256,338,27.0705,2.95
全聯結車(曳引車),ISUZU(五十鈴),41.841,2KG-EXZ52CK,6WG1,15.681,2256,338,27.0705,2.95
全聯結車(曳引車),ISUZU(五十鈴),41.841,2KG-EXD52CD,6WG1,15.681,1863,309,27.0705,2.94
全聯結車(曳引車),ISUZU(五十鈴),41.841,2KG-EXD52CE,6WG1,15.681,1863,309,27.0705,2.94
全聯結車(曳引車),ISUZU(五十鈴),41.841,2KG-EXD52CG,6WG1,15.681,1863,309,27.0705,2.94
全聯結車(曳引車),ISUZU(五十鈴),41.841,2KG-EXD52CD,6WG1,15.681,1863,309,27.0705,2.94
全聯結車(曳引車),ISUZU(五十鈴),41.841,2KG-EXD52CE,6WG1,15.681,1863,309,27.0705,2.94
全聯結車(曳引車),ISUZU(五十鈴),41.841,2KG-EXD52CG,6WG1,15.681,1863,309,27.0705,2.94
全聯結車(曳引車),ISUZU(五十鈴),41.841,2KG-EXD52CD,6WG1,15.681,2256,309,27.0705,2.93
全聯結車(曳引車),ISUZU(五十鈴),41.841,2KG-EXD52CE,6WG1,15.681,2256,309,27.0705,2.93
全聯結車(曳引車),ISUZU(五十鈴),41.841,2KG-EXD52CG,6WG1,15.681,2256,309,27.0705,2.93
全聯結車(曳引車),ISUZU(五十鈴),41.841,2KG-EXD52CD,6WG1,15.681,2256,309,27.0705,2.93
全聯結車(曳引車),ISUZU(五十鈴),41.841,2KG-EXD52CE,6WG1,15.681,2256,309,27.0705,2.93
全聯結車(曳引車),ISUZU(五十鈴),41.841,2KG-EXD52CG,6WG1,15.681,2256,309,27.0705,2.93
全聯結車(曳引車),ISUZU(五十鈴),41.841,2KG-EXD52CD,6WG1,15.681,2256,338,27.0705,2.91
全聯結車(曳引車),ISUZU(五十鈴),41.841,2KG-EXD52CD,6WG1,15.681,2256,382,27.0705,2.91
全聯結車(曳引車),ISUZU(五十鈴),41.841,2KG-EXD52CE,6WG1,15.681,2256,338,27.0705,2.91
全聯結車(曳引車),ISUZU(五十鈴),41.841,2KG-EXD52CE,6WG1,15.681,2256,382,27.0705,2.91
全聯結車(曳引車),ISUZU(五十鈴),41.841,2KG-EXD52CG,6WG1,15.681,2256,338,27.0705,2.91
全聯結車(曳引車),ISUZU(五十鈴),41.841,2KG-EXZ52CK,6WG1,15.681,2256,338,27.0705,2.91
全聯結車(曳引車),ISUZU(五十鈴),41.841,2KG-EXD52CD,6WG1,15.681,2256,338,27.0705,2.91
全聯結車(曳引車),ISUZU(五十鈴),41.841,2KG-EXD52CD,6WG1,15.681,2256,382,27.0705,2.91
全聯結車(曳引車),ISUZU(五十鈴),41.841,2KG-EXD52CE,6WG1,15.681,2256,338,27.0705,2.91
全聯結車(曳引車),ISUZU(五十鈴),41.841,2KG-EXD52CE,6WG1,15.681,2256,382,27.0705,2.91
全聯結車(曳引車),ISUZU(五十鈴),41.841,2KG-EXD52CG,6WG1,15.681,2256,338,27.0705,2.91
全聯結車(曳引車),ISUZU(五十鈴),41.841,2KG-EXY52CK,6WG1,15.681,2256,338,27.0705,2.91
全聯結車(曳引車),ISUZU(五十鈴),41.841,2KG-EXZ52CK,6WG1,15.681,2256,338,27.0705,2.91
全聯結車(曳引車),ISUZU(五十鈴),41.841,2KG-EXD52CD,6WG1,15.681,1863,309,27.0705,2.89
全聯結車(曳引車),ISUZU(五十鈴),41.841,2KG-EXD52CE,6WG1,15.681,1863,309,27.0705,2.89
全聯結車(曳引車),ISUZU(五十鈴),41.841,2KG-EXD52CG,6WG1,15.681,1863,309,27.0705,2.89
全聯結車(曳引車),ISUZU(五十鈴),41.841,2KG-EXD52CD,6WG1,15.681,1863,309,27.0705,2.89
全聯結車(曳引車),ISUZU(五十鈴),41.841,2KG-EXD52CE,6WG1,15.681,1863,309,27.0705,2.89
全聯結車(曳引車),ISUZU(五十鈴),41.841,2KG-EXD52CG,6WG1,15.681,1863,309,27.0705,2.89
全聯結車(曳引車),ISUZU(五十鈴),41.841,2KG-EXD52CD,6WG1,15.681,2256,382,27.0705,2.85
全聯結車(曳引車),ISUZU(五十鈴),41.841,2KG-EXD52CE,6WG1,15.681,2256,382,27.0705,2.85
全聯結車(曳引車),ISUZU(五十鈴),41.841,2KG-EXD52CD,6WG1,15.681,2256,382,27.0705,2.85
全聯結車(曳引車),ISUZU(五十鈴),41.841,2KG-EXD52CE,6WG1,15.681,2256,382,27.0705,2.85
全聯結車(曳引車),ISUZU(五十鈴),58.441,2KG-CYJ77DAW,6UZ1,9.839,1814,294,38.931,2.36
全聯結車(曳引車),ISUZU(五十鈴),58.441,2KG-CYJ77DW,6UZ1,9.839,1814,294,38.931,2.36
全聯結車(曳引車),ISUZU(五十鈴),58.441,2KG-CYZ77DMQ,6UZ1,9.839,1814,294,38.931,2.36
全聯結車(曳引車),ISUZU(五十鈴),58.441,2KG-CYZ77DV,6UZ1,9.839,1814,294,38.931,2.36
全聯結車(曳引車),ISUZU(五十鈴),58.441,2KG-CYY77DUV,6UZ1,9.839,1814,294,38.931,2.36
全聯結車(曳引車),ISUZU(五十鈴),58.441,2KG-CYZ77DMQ,6UZ1,9.839,1814,294,38.931,2.36
全聯結車(曳引車),ISUZU(五十鈴),58.441,2KG-CYZ77DV,6UZ1,9.839,1814,294,38.931,2.36
全聯結車(曳引車),ISUZU(五十鈴),58.441,2DG-CYJ77DAW,6UZ1,9.839,1814,294,38.931,2.33
全聯結車(曳引車),ISUZU(五十鈴),58.441,2DG-CYJ77DAW,6UZ1,9.839,1814,294,38.931,2.33
全聯結車(曳引車),ISUZU(五十鈴),58.441,2DG-CYJ77DW,6UZ1,9.839,1814,294,38.931,2.33
全聯結車(曳引車),ISUZU(五十鈴),58.441,2DG-CYJ77DW,6UZ1,9.839,1814,294,38.931,2.33
全聯結車(曳引車),ISUZU(五十鈴),58.441,2DG-CYZ77DMQ,6UZ1,9.839,1814,294,38.931,2.33
全聯結車(曳引車),ISUZU(五十鈴),58.441,2DG-CYZ77DV,6UZ1,9.839,1814,294,38.931,2.33
全聯結車(曳引車),ISUZU(五十鈴),58.441,2DG-CYY77DUV,6UZ1,9.839,1814,294,38.931,2.33
全聯結車(曳引車),ISUZU(五十鈴),58.441,2DG-CYY77DUV,6UZ1,9.839,1814,294,38.931,2.33
全聯結車(曳引車),ISUZU(五十鈴),58.441,2DG-CYZ77DMQ,6UZ1,9.839,1814,294,38.931,2.33
全聯結車(曳引車),ISUZU(五十鈴),58.441,2DG-CYZ77DV,6UZ1,9.839,1814,294,38.931,2.33
全聯結車(曳引車),ISUZU(五十鈴),58.441,2DG-CYJ77DAW,6UZ1,9.839,1814,294,38.931,2.31
全聯結車(曳引車),ISUZU(五十鈴),58.441,2DG-CYJ77DW,6UZ1,9.839,1814,294,38.931,2.31
全聯結車(曳引車),ISUZU(五十鈴),58.441,2DG-CYY77DUV,6UZ1,9.839,1814,294,38.931,2.31
全聯結車(曳引車),ISUZU(五十鈴),58.441,2DG-CYZ52CMQ,6WG1,15.681,2256,338,38.931,2.21
全聯結車(曳引車),ISUZU(五十鈴),58.441,2DG-CYZ52CV,6WG1,15.681,2256,338,38.931,2.21
全聯結車(曳引車),ISUZU(五十鈴),58.441,2DG-CYZ52CMQ,6WG1,15.681,2256,338,38.931,2.21
全聯結車(曳引車),ISUZU(五十鈴),58.441,2DG-CYZ52CV,6WG1,15.681,2256,338,38.931,2.21
全聯結車(曳引車),ISUZU(五十鈴),58.441,2DG-EXY52CK,6WG1,15.681,2256,338,38.931,2.21
全聯結車(曳引車),ISUZU(五十鈴),58.441,2DG-EXY52CK,6WG1,15.681,2256,382,38.931,2.21
全聯結車(曳引車),ISUZU(五十鈴),58.441,2DG-EXZ52CK,6WG1,15.681,2256,382,38.931,2.21
全聯結車(曳引車),ISUZU(五十鈴),58.441,2DG-EXY52CK,6WG1,15.681,2256,338,38.931,2.2
全聯結車(曳引車),ISUZU(五十鈴),58.441,2DG-EXZ52CK,6WG1,15.681,2256,338,38.931,2.2
全聯結車(曳引車),ISUZU(五十鈴),58.441,2DG-CYZ52CMQ,6WG1,15.681,2256,338,38.931,2.19
全聯結車(曳引車),ISUZU(五十鈴),58.441,2DG-CYZ52CV,6WG1,15.681,2256,338,38.931,2.19
全聯結車(曳引車),ISUZU(五十鈴),58.441,2DG-CYZ52CMQ,6WG1,15.681,2256,338,38.931,2.19
全聯結車(曳引車),ISUZU(五十鈴),58.441,2DG-CYZ52CV,6WG1,15.681,2256,338,38.931,2.19
全聯結車(曳引車),ISUZU(五十鈴),58.441,2DG-EXY52CK,6WG1,15.681,2256,338,38.931,2.19
全聯結車(曳引車),ISUZU(五十鈴),58.441,2DG-EXY52CK,6WG1,15.681,2256,382,38.931,2.19
全聯結車(曳引車),ISUZU(五十鈴),58.441,2DG-EXZ52CK,6WG1,15.681,2256,338,38.931,2.19
全聯結車(曳引車),ISUZU(五十鈴),58.441,2DG-EXZ52CK,6WG1,15.681,2256,382,38.931,2.19
全聯結車(曳引車),ISUZU(五十鈴),58.441,2DG-CYZ52CMQ,6WG1,15.681,2256,338,38.931,2.18
全聯結車(曳引車),ISUZU(五十鈴),58.441,2DG-CYZ52CV,6WG1,15.681,2256,338,38.931,2.18
全聯結車(曳引車),ISUZU(五十鈴),58.441,2DG-CYZ52CMQ,6WG1,15.681,2256,338,38.931,2.18
全聯結車(曳引車),ISUZU(五十鈴),58.441,2DG-CYZ52CV,6WG1,15.681,2256,338,38.931,2.18
全聯結車(曳引車),ISUZU(五十鈴),58.441,2DG-EXY52CK,6WG1,15.681,2256,338,38.931,2.18
全聯結車(曳引車),ISUZU(五十鈴),58.441,2DG-EXY52CK,6WG1,15.681,2256,382,38.931,2.18
全聯結車(曳引車),ISUZU(五十鈴),58.441,2DG-EXZ52CK,6WG1,15.681,2256,382,38.931,2.18
全聯結車(曳引車),ISUZU(五十鈴),58.441,2DG-CYZ52CMQ,6WG1,15.681,2256,338,38.931,2.17
全聯結車(曳引車),ISUZU(五十鈴),58.441,2DG-CYZ52CV,6WG1,15.681,2256,338,38.931,2.17
全聯結車(曳引車),ISUZU(五十鈴),58.441,2DG-CYZ52CMQ,6WG1,15.681,2256,338,38.931,2.17
全聯結車(曳引車),ISUZU(五十鈴),58.441,2DG-CYZ52CV,6WG1,15.681,2256,338,38.931,2.17
全聯結車(曳引車),ISUZU(五十鈴),58.441,2DG-EXY52CK,6WG1,15.681,2256,338,38.931,2.17
全聯結車(曳引車),ISUZU(五十鈴),58.441,2DG-EXY52CK,6WG1,15.681,2256,338,38.931,2.17
全聯結車(曳引車),ISUZU(五十鈴),58.441,2DG-EXZ52CK,6WG1,15.681,2256,338,38.931,2.17
全聯結車(曳引車),ISUZU(五十鈴),58.441,2DG-EXZ52CK,6WG1,15.681,2256,338,38.931,2.17
全聯結車(曳引車),ISUZU(五十鈴),58.441,2DG-EXY52CK,6WG1,15.681,2256,382,38.931,2.16
全聯結車(曳引車),ISUZU(五十鈴),58.441,2DG-EXZ52CK,6WG1,15.681,2256,382,38.931,2.16
全聯結車(曳引車),ISUZU(五十鈴),41.841,2RG-EK5DAB,GH11,10.836,2000,316,27.0705,3.34
全聯結車(曳引車),ISUZU(五十鈴),41.841,2RG-EK5DAD,GH11,10.836,2000,316,27.0705,3.34
全聯結車(曳引車),ISUZU(五十鈴),41.841,2RG-EK5DAE,GH11,10.836,2000,316,27.0705,3.34
全聯結車(曳引車),ISUZU(五十鈴),41.841,2RG-EK5DAB,GH11,10.836,2250,339,27.0705,3.33
全聯結車(曳引車),ISUZU(五十鈴),41.841,2RG-EK5DAD,GH11,10.836,2250,339,27.0705,3.33
全聯結車(曳引車),ISUZU(五十鈴),41.841,2RG-EK5DAE,GH11,10.836,2250,339,27.0705,3.33
全聯結車(曳引車),ISUZU(五十鈴),41.841,2RG-EK5DAB,GH11,10.836,2000,294,27.0705,3.29
全聯結車(曳引車),ISUZU(五十鈴),41.841,2RG-EK5DAE,GH11,10.836,2000,294,27.0705,3.29
全聯結車(曳引車),ISUZU(五十鈴),41.841,2RG-EK5DAK,GH11,10.836,2000,294,27.0705,3.29
全聯結車(曳引車),ISUZU(五十鈴),41.841,2RG-EK5DAB,GH11,10.836,2000,316,27.0705,3.27
全聯結車(曳引車),ISUZU(五十鈴),41.841,2RG-EK5DAD,GH11,10.836,2000,316,27.0705,3.27
全聯結車(曳引車),ISUZU(五十鈴),41.841,2RG-EK5DAE,GH11,10.836,2000,316,27.0705,3.27
全聯結車(曳引車),ISUZU(五十鈴),41.841,2RG-EK5DAB,GH11,10.836,2250,339,27.0705,3.26
全聯結車(曳引車),ISUZU(五十鈴),41.841,2RG-EK5DAD,GH11,10.836,2250,339,27.0705,3.26
全聯結車(曳引車),ISUZU(五十鈴),41.841,2RG-EK5DAE,GH11,10.836,2250,339,27.0705,3.26
全聯結車(曳引車),ISUZU(五十鈴),41.841,2PG-EK5DAB,GH11,10.836,1900,309,27.0705,3.24
全聯結車(曳引車),ISUZU(五十鈴),41.841,2PG-EK5DAD,GH11,10.836,1900,309,27.0705,3.24
全聯結車(曳引車),ISUZU(五十鈴),41.841,2PG-EK5DAE,GH11,10.836,1900,309,27.0705,3.24
全聯結車(曳引車),ISUZU(五十鈴),41.841,2RG-EK5DAB,GH11,10.836,2000,294,27.0705,3.22
全聯結車(曳引車),ISUZU(五十鈴),41.841,2RG-EK5DAE,GH11,10.836,2000,294,27.0705,3.22
全聯結車(曳引車),ISUZU(五十鈴),41.841,2RG-EK5DAK,GH11,10.836,2000,294,27.0705,3.22
全聯結車(曳引車),ISUZU(五十鈴),41.841,2PG-EK6DAB,GH13,12.777,2601,390,27.0705,3.2
全聯結車(曳引車),ISUZU(五十鈴),41.841,2PG-EK6DAD,GH13,12.777,2601,390,27.0705,3.2
全聯結車(曳引車),ISUZU(五十鈴),41.841,2PG-EK5DAB,GH11,10.836,1750,287,27.0705,3.19
全聯結車(曳引車),ISUZU(五十鈴),41.841,2PG-EK5DAE,GH11,10.836,1750,287,27.0705,3.19
全聯結車(曳引車),ISUZU(五十鈴),41.841,2PG-EK5DAK,GH11,10.836,1750,287,27.0705,3.19
全聯結車(曳引車),ISUZU(五十鈴),41.841,2PG-EK5DAB,GH11,10.836,1900,309,27.0705,3.18
全聯結車(曳引車),ISUZU(五十鈴),41.841,2PG-EK5DAD,GH11,10.836,1900,309,27.0705,3.18
全聯結車(曳引車),ISUZU(五十鈴),41.841,2PG-EK5DAE,GH11,10.836,1900,309,27.0705,3.18
全聯結車(曳引車),ISUZU(五十鈴),41.841,2PG-EW6DAH,GH13,12.777,2346,345,27.0705,3.18
全聯結車(曳引車),ISUZU(五十鈴),41.841,2PG-EK5DAB,GH11,10.836,1750,287,27.0705,3.13
全聯結車(曳引車),ISUZU(五十鈴),41.841,2PG-EK5DAE,GH11,10.836,1750,287,27.0705,3.13
全聯結車(曳引車),ISUZU(五十鈴),41.841,2PG-EK5DAK,GH11,10.836,1750,287,27.0705,3.13
全聯結車(曳引車),ISUZU(五十鈴),41.841,2PG-EK6DAB,GH13,12.777,2601,390,27.0705,3.13
全聯結車(曳引車),ISUZU(五十鈴),41.841,2PG-EK6DAD,GH13,12.777,2601,390,27.0705,3.13
全聯結車(曳引車),ISUZU(五十鈴),41.841,2KG-EW6DAH,GH13,12.777,2346,345,27.0705,3.11
全聯結車(曳引車),ISUZU(五十鈴),58.441,2DG-SG5FAYP,GH11,10.836,2000,316,38.931,2.45
全聯結車(曳引車),ISUZU(五十鈴),58.441,2DG-SW5ELPP,GH11,10.836,2000,316,38.931,2.45
全聯結車(曳引車),ISUZU(五十鈴),58.441,2DG-SW5FAWP,GH11,10.836,2000,316,38.931,2.45
全聯結車(曳引車),ISUZU(五十鈴),58.441,2DG-SW5FLVP,GH11,10.836,2000,316,38.931,2.45
全聯結車(曳引車),ISUZU(五十鈴),58.441,2DG-SW5ELPP,GH11,10.836,2250,339,38.931,2.45
全聯結車(曳引車),ISUZU(五十鈴),58.441,2DG-SW5FAWP,GH11,10.836,2250,339,38.931,2.45
全聯結車(曳引車),ISUZU(五十鈴),58.441,2DG-SW5FLVP,GH11,10.836,2250,339,38.931,2.45
全聯結車(曳引車),ISUZU(五十鈴),58.441,2DG-SG5FAYP,GH11,10.836,2000,316,38.931,2.41
全聯結車(曳引車),ISUZU(五十鈴),58.441,2DG-SW5ELPP,GH11,10.836,2000,316,38.931,2.41
全聯結車(曳引車),ISUZU(五十鈴),58.441,2DG-SW5FAWP,GH11,10.836,2000,316,38.931,2.41
全聯結車(曳引車),ISUZU(五十鈴),58.441,2DG-SW5FLVP,GH11,10.836,2000,316,38.931,2.41
全聯結車(曳引車),ISUZU(五十鈴),58.441,2DG-SW5ELPP,GH11,10.836,2250,339,38.931,2.41
全聯結車(曳引車),ISUZU(五十鈴),58.441,2DG-SW5FAWP,GH11,10.836,2250,339,38.931,2.41
全聯結車(曳引車),ISUZU(五十鈴),58.441,2DG-SW5FLVP,GH11,10.836,2250,339,38.931,2.41
全聯結車(曳引車),ISUZU(五十鈴),58.441,2DG-EW6EAH,GH13,12.777,2346,345,38.931,2.41
全聯結車(曳引車),ISUZU(五十鈴),58.441,2DG-EW6ELH,GH13,12.777,2346,345,38.931,2.41
全聯結車(曳引車),ISUZU(五十鈴),58.441,2DG-EW6EAH,GH13,12.777,2448,360,38.931,2.39
全聯結車(曳引車),ISUZU(五十鈴),58.441,2DG-EW6ELH,GH13,12.777,2448,360,38.931,2.39
全聯結車(曳引車),ISUZU(五十鈴),58.441,2DG-EW6EAH,GH13,12.777,2601,390,38.931,2.38
全聯結車(曳引車),ISUZU(五十鈴),58.441,2DG-EW6ELH,GH13,12.777,2601,390,38.931,2.38
全聯結車(曳引車),ISUZU(五十鈴),58.441,2DG-SW5ELPP,GH11,10.836,1900,309,38.931,2.37
全聯結車(曳引車),ISUZU(五十鈴),58.441,2DG-SW5FAWP,GH11,10.836,1900,309,38.931,2.37
全聯結車(曳引車),ISUZU(五十鈴),58.441,2DG-SW5FLVP,GH11,10.836,1900,309,38.931,2.37
全聯結車(曳引車),ISUZU(五十鈴),58.441,2DG-EW6EAH,GH13,12.777,2346,345,38.931,2.37
全聯結車(曳引車),ISUZU(五十鈴),58.441,2DG-EW6ELH,GH13,12.777,2346,345,38.931,2.37
全聯結車(曳引車),ISUZU(五十鈴),58.441,2DG-EW6EAH,GH13,12.777,2448,360,38.931,2.35
全聯結車(曳引車),ISUZU(五十鈴),58.441,2DG-EW6ELH,GH13,12.777,2448,360,38.931,2.35
全聯結車(曳引車),ISUZU(五十鈴),58.441,2DG-SW5ELPP,GH11,10.836,1900,309,38.931,2.34
全聯結車(曳引車),ISUZU(五十鈴),58.441,2DG-SW5FAWP,GH11,10.836,1900,309,38.931,2.34
全聯結車(曳引車),ISUZU(五十鈴),58.441,2DG-SW5FLVP,GH11,10.836,1900,309,38.931,2.34
全聯結車(曳引車),ISUZU(五十鈴),58.441,2DG-EW6EAH,GH13,12.777,2601,390,38.931,2.34
全聯結車(曳引車),ISUZU(五十鈴),58.441,2DG-EW6ELH,GH13,12.777,2601,390,38.931,2.34
大貨車,ISUZU(五十鈴),19.529,2DG-SF5AL,GH11,10.836,1750,265,13.9195,4.11
大貨車,ISUZU(五十鈴),24.147,2DG-SZ5BL,GH11,10.836,1900,309,17.412200000000002,3.62
大貨車,FUSO(三菱),24.147,2PG-FU70GY,6S10,7.697,1400,260,17.412200000000002,3.97
大貨車,FUSO(三菱),24.147,2PG-FU70GY,6S10,7.697,1400,280,17.412200000000002,4.01
大貨車,FUSO(三菱),24.147,2KG-FU70HY,6R20,10.676,2000,290,17.412200000000002,3.92
大貨車,FUSO(三菱),24.147,2PG-FU70HY,6R20,10.676,2000,265,17.412200000000002,4.04
大貨車,FUSO(三菱),24.147,2PG-FU70HY,6R20,10.676,2000,290,17.412200000000002,4.04
大貨車,FUSO(三菱),24.147,2PG-FU74GY,6S10,7.697,1400,260,17.412200000000002,3.97
大貨車,FUSO(三菱),24.147,2PG-FU74GY,6S10,7.697,1400,280,17.412200000000002,4.01
大貨車,FUSO(三菱),24.147,2PG-FU74HY,6R20,10.676,2000,265,17.412200000000002,4.04
大貨車,FUSO(三菱),24.147,2PG-FU74HY,6R20,10.676,2000,290,17.412200000000002,4.04
大貨車,FUSO(三菱),24.147,2PG-FU74GZ,6S10,7.697,1400,260,17.412200000000002,3.97
大貨車,FUSO(三菱),24.147,2PG-FU74GZ,6S10,7.697,1400,280,17.412200000000002,4.01
大貨車,FUSO(三菱),24.147,2KG-FU74HZ,6R20,10.676,2000,290,17.412200000000002,3.92
大貨車,FUSO(三菱),24.147,2PG-FU74HZ,6R20,10.676,2000,265,17.412200000000002,4.04
大貨車,FUSO(三菱),24.147,2PG-FU74HZ,6R20,10.676,2000,290,17.412200000000002,4.04
大貨車,FUSO(三菱),24.147,2PG-FU74HZ,6R20,10.676,2100,315,17.412200000000002,4.05
大貨車,FUSO(三菱),24.147,2PG-FU75GZ,6S10,7.697,1400,260,17.412200000000002,3.97
大貨車,FUSO(三菱),24.147,2PG-FU75GZ,6S10,7.697,1400,280,17.412200000000002,4.01
大貨車,FUSO(三菱),24.147,2PG-FU75HZ,6R20,10.676,2000,265,17.412200000000002,4.04
大貨車,FUSO(三菱),24.147,2PG-FU75HZ,6R20,10.676,2000,290,17.412200000000002,4.04
大貨車,FUSO(三菱),24.147,2PG-FU75HZ,6R20,10.676,2100,315,17.412200000000002,4.05
大貨車,FUSO(三菱),19.529,2KG-FV70GX,6S10,7.697,1400,260,13.9195,4.62
大貨車,FUSO(三菱),19.529,2KG-FV70GX,6S10,7.697,1400,280,13.9195,4.62
大貨車,FUSO(三菱),19.529,2PG-FV70GX,6S10,7.697,1400,260,13.9195,4.72
大貨車,FUSO(三菱),19.529,2PG-FV70GX,6S10,7.697,1400,280,13.9195,4.72
大貨車,FUSO(三菱),19.529,2KG-FV70HX,6R20,10.676,2000,290,13.9195,4.62
大貨車,FUSO(三菱),19.529,2KG-FV70HX,6R20,10.676,2000,290,13.9195,4.53
大貨車,FUSO(三菱),19.529,2PG-FV70HX,6R20,10.676,2000,265,13.9195,4.73
大貨車,FUSO(三菱),19.529,2PG-FV70HX,6R20,10.676,2000,290,13.9195,4.73
大貨車,FUSO(三菱),19.529,2PG-FV70HX,6R20,10.676,2100,315,13.9195,4.73
大貨車,FUSO(三菱),24.147,2PG-FV70GY,6S10,7.697,1400,260,17.412200000000002,3.97
大貨車,FUSO(三菱),24.147,2PG-FV70GY,6S10,7.697,1400,280,17.412200000000002,4.01
大貨車,FUSO(三菱),24.147,2KG-FV70HY,6R20,10.676,2000,290,17.412200000000002,3.92
大貨車,FUSO(三菱),24.147,2PG-FV70HY,6R20,10.676,2000,265,17.412200000000002,4.04
大貨車,FUSO(三菱),24.147,2PG-FV70HY,6R20,10.676,2000,265,17.412200000000002,4.01
大貨車,FUSO(三菱),24.147,2PG-FV70HY,6R20,10.676,2000,290,17.412200000000002,4.04
大貨車,FUSO(三菱),24.147,2PG-FV70HY,6R20,10.676,2000,290,17.412200000000002,4.01
大貨車,FUSO(三菱),24.147,2PG-FV70HY,6R20,10.676,2100,315,17.412200000000002,4.05
大貨車,FUSO(三菱),24.147,2PG-FV70HY,6R20,10.676,2100,315,17.412200000000002,4.01
大貨車,FUSO(三菱),24.147,2PG-FV70GZ,6S10,7.697,1400,280,17.412200000000002,4.01
大貨車,FUSO(三菱),24.147,2KG-FV70HZ,6R20,10.676,2000,290,17.412200000000002,3.92
大貨車,FUSO(三菱),24.147,2PG-FV70HZ,6R20,10.676,2000,290,17.412200000000002,4.04
大貨車,FUSO(三菱),24.147,2PG-FV70HZ,6R20,10.676,2100,315,17.412200000000002,4.05
大貨車,FUSO(三菱),24.147,2PG-FV74GZ,6S10,7.697,1400,280,17.412200000000002,4.01
大貨車,FUSO(三菱),24.147,2PG-FV74HZ,6R20,10.676,2000,290,17.412200000000002,4.04
大貨車,FUSO(三菱),24.147,2PG-FV74HZ,6R20,10.676,2100,315,17.412200000000002,4.05
大貨車,FUSO(三菱),24.147,2PG-FY70GY,6S10,7.697,1400,260,17.412200000000002,3.97
大貨車,FUSO(三菱),24.147,2PG-FY70GY,6S10,7.697,1400,280,17.412200000000002,4.01
大貨車,FUSO(三菱),24.147,2PG-FY70HY,6R20,10.676,2000,265,17.412200000000002,4.01
大貨車,FUSO(三菱),24.147,2PG-FY70HY,6R20,10.676,2000,290,17.412200000000002,4.01
大貨車,FUSO(三菱),24.147,2PG-FY74GY,6S10,7.697,1400,260,17.412200000000002,3.97
大貨車,FUSO(三菱),24.147,2PG-FY74GY,6S10,7.697,1400,280,17.412200000000002,4.01
大貨車,FUSO(三菱),24.147,2PG-FY74HY,6R20,10.676,2000,265,17.412200000000002,4.01
大貨車,FUSO(三菱),24.147,2PG-FY74HY,6R20,10.676,2000,290,17.412200000000002,4.01
大貨車,FUSO(三菱),24.147,2PG-FS74GY,6S10,7.697,1400,260,17.412200000000002,3.97
大貨車,FUSO(三菱),24.147,2PG-FS74GY,6S10,7.697,1400,280,17.412200000000002,4.01
大貨車,FUSO(三菱),24.147,2PG-FS74HY,6R20,10.676,2000,265,17.412200000000002,4.01
大貨車,FUSO(三菱),24.147,2PG-FS74HY,6R20,10.676,2000,290,17.412200000000002,4.01
大貨車,FUSO(三菱),24.147,2PG-FS75GY,6S10,7.697,1400,280,17.412200000000002,4.01
大貨車,FUSO(三菱),24.147,2PG-FS75HY,6R20,10.676,2000,265,17.412200000000002,4.01
大貨車,FUSO(三菱),24.147,2PG-FS75HY,6R20,10.676,2000,290,17.412200000000002,4.01
大貨車,FUSO(三菱),24.147,2KG-FS70HZ,6R20,10.676,2000,290,17.412200000000002,3.92
大貨車,FUSO(三菱),24.147,2PG-FS70HZ,6R20,10.676,2000,265,17.412200000000002,4.01
大貨車,FUSO(三菱),24.147,2PG-FS70HZ,6R20,10.676,2000,290,17.412200000000002,4.01
大貨車,FUSO(三菱),24.147,2PG-FS70HZ,6R20,10.676,2100,315,17.412200000000002,4.01
大貨車,FUSO(三菱),24.147,2PG-FS74GZ,6S10,7.697,1400,260,17.412200000000002,3.97
大貨車,FUSO(三菱),24.147,2PG-FS74GZ,6S10,7.697,1400,280,17.412200000000002,4.01
大貨車,FUSO(三菱),24.147,2KG-FS74HZ,6R20,10.676,2000,290,17.412200000000002,3.92
大貨車,FUSO(三菱),24.147,2PG-FS74HZ,6R20,10.676,2000,265,17.412200000000002,4.01
大貨車,FUSO(三菱),24.147,2PG-FS74HZ,6R20,10.676,2000,290,17.412200000000002,4.01
大貨車,FUSO(三菱),24.147,2PG-FS74HZ,6R20,10.676,2100,315,17.412200000000002,4.01
大貨車,FUSO(三菱),24.147,2PG-FS75GZ,6S10,7.697,1400,260,17.412200000000002,3.97
大貨車,FUSO(三菱),24.147,2PG-FS75GZ,6S10,7.697,1400,280,17.412200000000002,4.01
大貨車,FUSO(三菱),24.147,2PG-FS75HZ,6R20,10.676,2000,265,17.412200000000002,4.01
大貨車,FUSO(三菱),24.147,2PG-FS75HZ,6R20,10.676,2000,290,17.412200000000002,4.01
大貨車,FUSO(三菱),24.147,2PG-FS75HZ,6R20,10.676,2100,315,17.412200000000002,4.01
全聯結車(曳引車),FUSO(三菱),41.841,2PG-FP74GGR,6S10,7.697,1400,280,27.0705,3.07
全聯結車(曳引車),FUSO(三菱),41.841,2PG-FP74HDR,6R20,10.676,2000,290,27.0705,3.13
全聯結車(曳引車),FUSO(三菱),41.841,2PG-FP74HDR,6R20,10.676,2100,315,27.0705,3.13
全聯結車(曳引車),FUSO(三菱),41.841,2PG-FP74HDR,6R20,10.676,2200,338,27.0705,3.12
全聯結車(曳引車),FUSO(三菱),41.841,2PG-FP74HER,6R20,10.676,2000,290,27.0705,3.13
全聯結車(曳引車),FUSO(三菱),41.841,2PG-FP74HER,6R20,10.676,2100,315,27.0705,3.13
全聯結車(曳引車),FUSO(三菱),41.841,2PG-FP74HER,6R20,10.676,2200,338,27.0705,3.12
全聯結車(曳引車),FUSO(三菱),41.841,2PG-FP74HGR,6R20,10.676,2000,290,27.0705,3.13
全聯結車(曳引車),FUSO(三菱),41.841,2PG-FP74HGR,6R20,10.676,2100,315,27.0705,3.13
全聯結車(曳引車),FUSO(三菱),41.841,2PG-FP74HGR,6R20,10.676,2200,338,27.0705,3.12
全聯結車(曳引車),FUSO(三菱),58.441,2KG-FV70HJR,6R20,10.676,2200,338,38.931,2.35
全聯結車(曳引車),FUSO(三菱),58.441,2KG-FV74HJR,6R20,10.676,2200,338,38.931,2.35
全聯結車(曳引車),FUSO(三菱),41.841,2PG-FV74HJR,6R20,10.676,2200,338,27.0705,3.12
全聯結車(曳引車),FUSO(三菱),41.841,2PG-FV74HJR,6R20,10.676,2200,338,27.0705,3.14
全聯結車(曳引車),FUSO(三菱),58.441,2KG-FV70HYP,6R20,10.676,2200,338,38.931,2.35
全聯結車(曳引車),FUSO(三菱),58.441,2KG-FV70HZP,6R20,10.676,2200,338,38.931,2.35
大貨車,FUSO(三菱),19.529,2PG-FU80GX,6S10,7.697,1400,280,13.9195,4.92
大貨車,FUSO(三菱),19.529,2PG-FU84GX,6S10,7.697,1400,280,13.9195,4.92
大貨車,FUSO(三菱),19.529,2PG-FU84HX,6R20,10.676,2000,265,13.9195,4.92
大貨車,FUSO(三菱),19.529,2PG-FU84HX,6R20,10.676,2000,290,13.9195,4.92
大貨車,FUSO(三菱),19.529,2PG-FU84HX,6R20,10.676,2000,315,13.9195,4.93
大貨車,FUSO(三菱),19.529,2PG-FU84VX,6R30,12.808,2000,290,13.9195,4.95
大貨車,FUSO(三菱),19.529,2PG-FU84VX,6R30,12.808,2000,310,13.9195,4.96
大貨車,FUSO(三菱),24.147,2PG-FU80GY,6S10,7.697,1400,280,17.412200000000002,4.36
大貨車,FUSO(三菱),24.147,2PG-FU80HY,6R20,10.676,2000,265,17.412200000000002,4.41
大貨車,FUSO(三菱),24.147,2PG-FU80HY,6R20,10.676,2000,290,17.412200000000002,4.41
大貨車,FUSO(三菱),24.147,2PG-FU80HY,6R20,10.676,2000,290,17.412200000000002,4.37
大貨車,FUSO(三菱),24.147,2PG-FU80VY,6R30,12.808,2000,290,17.412200000000002,4.46
大貨車,FUSO(三菱),24.147,2PG-FU84GY,6S10,7.697,1400,280,17.412200000000002,4.36
大貨車,FUSO(三菱),24.147,2PG-FU84HY,6R20,10.676,2000,265,17.412200000000002,4.41
大貨車,FUSO(三菱),24.147,2PG-FU84HY,6R20,10.676,2000,290,17.412200000000002,4.41
大貨車,FUSO(三菱),24.147,2PG-FU84HY,6R20,10.676,2000,290,17.412200000000002,4.37
大貨車,FUSO(三菱),24.147,2PG-FU84VY,6R30,12.808,2000,290,17.412200000000002,4.46
大貨車,FUSO(三菱),24.147,2PG-FU84GZ,6S10,7.697,1400,280,17.412200000000002,4.36
大貨車,FUSO(三菱),24.147,2PG-FU84HZ,6R20,10.676,2000,265,17.412200000000002,4.41
大貨車,FUSO(三菱),24.147,2PG-FU84HZ,6R20,10.676,2000,290,17.412200000000002,4.41
大貨車,FUSO(三菱),24.147,2PG-FU84HZ,6R20,10.676,2000,290,17.412200000000002,4.37
大貨車,FUSO(三菱),24.147,2PG-FU84HZ,6R20,10.676,2000,315,17.412200000000002,4.42
大貨車,FUSO(三菱),24.147,2PG-FU84VZ,6R30,12.808,2000,290,17.412200000000002,4.46
大貨車,FUSO(三菱),24.147,2PG-FU84VZ,6R30,12.808,2000,310,17.412200000000002,4.46
大貨車,FUSO(三菱),24.147,2PG-FU85GZ,6S10,7.697,1400,280,17.412200000000002,4.36
大貨車,FUSO(三菱),24.147,2PG-FU85HZ,6R20,10.676,2000,265,17.412200000000002,4.41
大貨車,FUSO(三菱),24.147,2PG-FU85HZ,6R20,10.676,2000,290,17.412200000000002,4.41
大貨車,FUSO(三菱),24.147,2PG-FU85HZ,6R20,10.676,2000,290,17.412200000000002,4.37
大貨車,FUSO(三菱),24.147,2PG-FU85HZ,6R20,10.676,2000,315,17.412200000000002,4.42
大貨車,FUSO(三菱),24.147,2PG-FU85VZ,6R30,12.808,2000,290,17.412200000000002,4.46
大貨車,FUSO(三菱),24.147,2PG-FU85VZ,6R30,12.808,2000,310,17.412200000000002,4.46
大貨車,FUSO(三菱),19.529,2KG-FV80GX,6S10,7.697,1400,280,13.9195,4.8
大貨車,FUSO(三菱),19.529,2PG-FV80GX,6S10,7.697,1400,280,13.9195,4.92
大貨車,FUSO(三菱),19.529,2PG-FV80HX,6R20,10.676,2000,265,13.9195,4.92
大貨車,FUSO(三菱),19.529,2PG-FV80HX,6R20,10.676,2000,290,13.9195,4.92
大貨車,FUSO(三菱),19.529,2PG-FV80HX,6R20,10.676,2000,315,13.9195,4.93
大貨車,FUSO(三菱),19.529,2PG-FV80VX,6R30,12.808,2000,290,13.9195,4.95
大貨車,FUSO(三菱),19.529,2PG-FV80VX,6R30,12.808,2000,310,13.9195,4.96
大貨車,FUSO(三菱),24.147,2PG-FV80GY,6S10,7.697,1400,280,17.412200000000002,4.36
大貨車,FUSO(三菱),24.147,2PG-FV80HY,6R20,10.676,2000,265,17.412200000000002,4.37
大貨車,FUSO(三菱),24.147,2PG-FV80HY,6R20,10.676,2000,265,17.412200000000002,4.41
大貨車,FUSO(三菱),24.147,2PG-FV80HY,6R20,10.676,2000,290,17.412200000000002,4.35
大貨車,FUSO(三菱),24.147,2PG-FV80HY,6R20,10.676,2000,290,17.412200000000002,4.41
大貨車,FUSO(三菱),24.147,2PG-FV80HY,6R20,10.676,2000,290,17.412200000000002,4.37
大貨車,FUSO(三菱),24.147,2PG-FV80HY,6R20,10.676,2000,315,17.412200000000002,4.37
大貨車,FUSO(三菱),24.147,2PG-FV80HY,6R20,10.676,2000,315,17.412200000000002,4.42
大貨車,FUSO(三菱),24.147,2PG-FV80VY,6R30,12.808,2000,290,17.412200000000002,4.46
大貨車,FUSO(三菱),24.147,2PG-FV80VY,6R30,12.808,2000,310,17.412200000000002,4.46
大貨車,FUSO(三菱),24.147,2PG-FV80GZ,6S10,7.697,1400,280,17.412200000000002,4.36
大貨車,FUSO(三菱),24.147,2PG-FV80HZ,6R20,10.676,2000,290,17.412200000000002,4.41
大貨車,FUSO(三菱),24.147,2PG-FV80HZ,6R20,10.676,2000,290,17.412200000000002,4.37
大貨車,FUSO(三菱),24.147,2PG-FV80HZ,6R20,10.676,2000,315,17.412200000000002,4.42
大貨車,FUSO(三菱),24.147,2PG-FV80VZ,6R30,12.808,2000,290,17.412200000000002,4.46
大貨車,FUSO(三菱),24.147,2PG-FV80VZ,6R30,12.808,2000,310,17.412200000000002,4.46
大貨車,FUSO(三菱),24.147,2PG-FV84GZ,6S10,7.697,1400,280,17.412200000000002,4.36
大貨車,FUSO(三菱),24.147,2PG-FV84HZ,6R20,10.676,2000,290,17.412200000000002,4.41
大貨車,FUSO(三菱),24.147,2PG-FV84HZ,6R20,10.676,2000,290,17.412200000000002,4.37
大貨車,FUSO(三菱),24.147,2PG-FV84HZ,6R20,10.676,2000,315,17.412200000000002,4.42
大貨車,FUSO(三菱),24.147,2PG-FV84VZ,6R30,12.808,2000,290,17.412200000000002,4.46
大貨車,FUSO(三菱),24.147,2PG-FV84VZ,6R30,12.808,2000,310,17.412200000000002,4.46
大貨車,FUSO(三菱),24.147,2PG-FY80GY,6S10,7.697,1400,280,17.412200000000002,4.36
大貨車,FUSO(三菱),24.147,2PG-FY80HY,6R20,10.676,2000,265,17.412200000000002,4.37
大貨車,FUSO(三菱),24.147,2PG-FY80HY,6R20,10.676,2000,290,17.412200000000002,4.35
大貨車,FUSO(三菱),24.147,2PG-FY80VY,6R30,12.808,2000,290,17.412200000000002,4.47
大貨車,FUSO(三菱),19.529,2PG-FY84GX,6S10,7.697,1400,280,13.9195,4.92
大貨車,FUSO(三菱),24.147,2PG-FY84GY,6S10,7.697,1400,280,17.412200000000002,4.36
大貨車,FUSO(三菱),24.147,2PG-FY84HY,6R20,10.676,2000,265,17.412200000000002,4.37
大貨車,FUSO(三菱),24.147,2PG-FY84HY,6R20,10.676,2000,290,17.412200000000002,4.35
大貨車,FUSO(三菱),24.147,2PG-FY84VY,6R30,12.808,2000,290,17.412200000000002,4.47
大貨車,FUSO(三菱),19.529,2PG-FS84GX,6S10,7.697,1400,280,13.9195,4.92
大貨車,FUSO(三菱),24.147,2PG-FS84GY,6S10,7.697,1400,280,17.412200000000002,4.36
大貨車,FUSO(三菱),24.147,2PG-FS84HY,6R20,10.676,2000,265,17.412200000000002,4.37
大貨車,FUSO(三菱),24.147,2PG-FS84HY,6R20,10.676,2000,290,17.412200000000002,4.35
大貨車,FUSO(三菱),24.147,2PG-FS84VY,6R30,12.808,2000,290,17.412200000000002,4.47
大貨車,FUSO(三菱),24.147,2PG-FS85GY,6S10,7.697,1400,280,17.412200000000002,4.36
大貨車,FUSO(三菱),24.147,2PG-FS85HY,6R20,10.676,2000,265,17.412200000000002,4.37
大貨車,FUSO(三菱),24.147,2PG-FS85HY,6R20,10.676,2000,290,17.412200000000002,4.35
大貨車,FUSO(三菱),24.147,2PG-FS85VY,6R30,12.808,2000,290,17.412200000000002,4.47
大貨車,FUSO(三菱),24.147,2PG-FS80HZ,6R20,10.676,2000,265,17.412200000000002,4.37
大貨車,FUSO(三菱),24.147,2PG-FS80HZ,6R20,10.676,2000,290,17.412200000000002,4.35
大貨車,FUSO(三菱),24.147,2PG-FS80HZ,6R20,10.676,2000,315,17.412200000000002,4.37
大貨車,FUSO(三菱),24.147,2PG-FS80VZ,6R30,12.808,2000,290,17.412200000000002,4.47
大貨車,FUSO(三菱),24.147,2PG-FS80VZ,6R30,12.808,2000,310,17.412200000000002,4.47
大貨車,FUSO(三菱),24.147,2PG-FS84GZ,6S10,7.697,1400,280,17.412200000000002,4.36
大貨車,FUSO(三菱),24.147,2PG-FS84HZ,6R20,10.676,2000,265,17.412200000000002,4.37
大貨車,FUSO(三菱),24.147,2PG-FS84HZ,6R20,10.676,2000,290,17.412200000000002,4.35
大貨車,FUSO(三菱),24.147,2PG-FS84HZ,6R20,10.676,2000,315,17.412200000000002,4.37
大貨車,FUSO(三菱),24.147,2PG-FS84VZ,6R30,12.808,2000,290,17.412200000000002,4.47
大貨車,FUSO(三菱),24.147,2PG-FS84VZ,6R30,12.808,2000,310,17.412200000000002,4.47
大貨車,FUSO(三菱),24.147,2PG-FS85GZ,6S10,7.697,1400,280,17.412200000000002,4.36
大貨車,FUSO(三菱),24.147,2PG-FS85HZ,6R20,10.676,2000,290,17.412200000000002,4.35
大貨車,FUSO(三菱),24.147,2PG-FS85HZ,6R20,10.676,2000,315,17.412200000000002,4.37
大貨車,FUSO(三菱),24.147,2PG-FS85VZ,6R30,12.808,2000,290,17.412200000000002,4.47
大貨車,FUSO(三菱),24.147,2PG-FS85VZ,6R30,12.808,2000,310,17.412200000000002,4.47
全聯結車(曳引車),FUSO(三菱),41.841,2PG-FP84GGR,6S10,7.697,1400,280,27.0705,3.12
全聯結車(曳引車),FUSO(三菱),41.841,2PG-FP84HDR,6R20,10.676,2100,315,27.0705,3.27
全聯結車(曳引車),FUSO(三菱),41.841,2PG-FP84HDR,6R20,10.676,2100,338,27.0705,3.26
全聯結車(曳引車),FUSO(三菱),41.841,2RG-FP84VDR,6R30,12.808,2100,310,27.0705,3.32
全聯結車(曳引車),FUSO(三菱),41.841,2RG-FP84VDR,6R30,12.808,2100,330,27.0705,3.32
全聯結車(曳引車),FUSO(三菱),41.841,2PG-FP84HER,6R20,10.676,2100,315,27.0705,3.27
全聯結車(曳引車),FUSO(三菱),41.841,2PG-FP84HER,6R20,10.676,2100,338,27.0705,3.26
全聯結車(曳引車),FUSO(三菱),41.841,2RG-FP84VER,6R30,12.808,2100,310,27.0705,3.32
全聯結車(曳引車),FUSO(三菱),41.841,2RG-FP84VER,6R30,12.808,2100,330,27.0705,3.32
全聯結車(曳引車),FUSO(三菱),41.841,2PG-FP84HGR,6R20,10.676,2100,315,27.0705,3.27
全聯結車(曳引車),FUSO(三菱),41.841,2PG-FP84HGR,6R20,10.676,2100,338,27.0705,3.26
全聯結車(曳引車),FUSO(三菱),41.841,2RG-FP84VGR,6R30,12.808,2100,310,27.0705,3.32
全聯結車(曳引車),FUSO(三菱),41.841,2RG-FP84VGR,6R30,12.808,2100,330,27.0705,3.32
全聯結車(曳引車),FUSO(三菱),58.441,2KG-FV80HJR,6R20,10.676,2200,338,38.931,2.46
全聯結車(曳引車),FUSO(三菱),58.441,2KG-FV80VJR,6R30,12.808,2300,350,38.931,2.47
全聯結車(曳引車),FUSO(三菱),58.441,2KG-FV80VJR,6R30,12.808,2300,390,38.931,2.48
全聯結車(曳引車),FUSO(三菱),58.441,2KG-FV84HJR,6R20,10.676,2200,338,38.931,2.45
全聯結車(曳引車),FUSO(三菱),58.441,2KG-FV84VJR,6R30,12.808,2300,350,38.931,2.44
全聯結車(曳引車),FUSO(三菱),41.841,2PG-FV84HJR,6R20,10.676,2200,338,27.0705,3.26
全聯結車(曳引車),FUSO(三菱),41.841,2PG-FV84HJR,6R20,10.676,2200,338,27.0705,3.2
全聯結車(曳引車),FUSO(三菱),41.841,2RG-FV84VJR,6R30,12.808,2300,350,27.0705,3.3
全聯結車(曳引車),FUSO(三菱),58.441,2KG-FV80HYP,6R20,10.676,2200,338,38.931,2.45
全聯結車(曳引車),FUSO(三菱),58.441,2KG-FV80VYP,6R30,12.808,2300,350,38.931,2.44
全聯結車(曳引車),FUSO(三菱),58.441,2KG-FV80HZP,6R20,10.676,2200,338,38.931,2.45
全聯結車(曳引車),FUSO(三菱),58.441,2KG-FV80VZP,6R30,12.808,2300,350,38.931,2.44
大貨車,FUSO(三菱),10.509,2KG-FK72FY,6M60,7.545,745,177,7.264,6.82
大貨車,FUSO(三菱),10.509,2KG-FK62FY,6M60,7.545,745,177,7.264,6.82
大貨車,FUSO(三菱),10.509,2KG-FK62FY,6M60,7.545,785,199,7.264,6.84
大貨車,FUSO(三菱),10.509,2KG-FK65FY,6M60,7.545,745,177,7.264,6.82
大貨車,FUSO(三菱),10.509,2KG-FK65FY,6M60,7.545,785,199,7.264,6.84
大貨車,FUSO(三菱),13.438,2KG-FK72FZ,6M60,7.545,745,177,9.113,6.07
大貨車,FUSO(三菱),14.522,2KG-FK72FZ,6M60,7.545,745,177,10.125,5.71
大貨車,FUSO(三菱),13.438,2KG-FK62FZ,6M60,7.545,745,177,9.113,6.07
大貨車,FUSO(三菱),14.522,2KG-FK62FZ,6M60,7.545,745,177,10.125,5.71
大貨車,FUSO(三菱),13.438,2KG-FK62FZ,6M60,7.545,785,199,9.113,6.1
大貨車,FUSO(三菱),14.522,2KG-FK62FZ,6M60,7.545,785,199,10.125,5.74
大貨車,FUSO(三菱),13.438,2KG-FK65FZ,6M60,7.545,745,177,9.113,6.07
大貨車,FUSO(三菱),14.522,2KG-FK65FZ,6M60,7.545,745,177,10.125,5.71
大貨車,FUSO(三菱),13.438,2KG-FK65FZ,6M60,7.545,785,199,9.113,6.1
大貨車,FUSO(三菱),14.522,2KG-FK65FZ,6M60,7.545,785,199,10.125,5.74
大貨車,FUSO(三菱),19.529,2DG-FQ62F,6M60,7.545,785,199,13.9195,4.22
大貨車,FUSO(三菱),7.822,2PG-FK72N,4V20,3.907,520,125,5.6475,7.93
大貨車,FUSO(三菱),7.822,2PG-FK62N,4V20,3.907,520,125,5.6475,7.93
大貨車,FUSO(三菱),7.822,2PG-FK75N,4V20,3.907,520,125,5.6475,7.93
大貨車,FUSO(三菱),7.822,2PG-FK65N,4V20,3.907,520,125,5.6475,7.93
大貨車,FUSO(三菱),6.715,2PG-FK72NA,4V20,3.907,520,125,4.6046499999999995,9.03
大貨車,FUSO(三菱),6.715,2PG-FK62NA,4V20,3.907,520,125,4.6046499999999995,9.03
大貨車,FUSO(三菱),6.715,2PG-FK75NA,4V20,3.907,520,125,4.6046499999999995,9.03
大貨車,FUSO(三菱),6.715,2PG-FK65NA,4V20,3.907,520,125,4.6046499999999995,9.03
大貨車,FUSO(三菱),7.822,2KG-FK72F.,6M60,7.545,745,162,5.6475,7.92
大貨車,FUSO(三菱),7.822,2KG-FK62F,6M60,7.545,745,162,5.6475,7.92
大貨車,FUSO(三菱),7.822,2KG-FK62F,6M60,7.545,745,177,5.6475,7.88
大貨車,FUSO(三菱),7.822,2KG-FK62F,6M60,7.545,785,199,5.6475,8.02
大貨車,FUSO(三菱),7.822,2KG-FK75F,6M60,7.545,745,162,5.6475,7.92
大貨車,FUSO(三菱),7.822,2KG-FK65F,6M60,7.545,745,162,5.6475,7.92
大貨車,FUSO(三菱),7.822,2KG-FK65F,6M60,7.545,745,177,5.6475,7.88
大貨車,FUSO(三菱),7.822,2KG-FK65F,6M60,7.545,785,199,5.6475,8.02
大貨車,FUSO(三菱),7.822,2PG-FEB90,4P10,2.998,430,129,5.6475,8.09
大貨車,FUSO(三菱),7.822,2RG-FEB90,4P10,2.998,430,129,5.6475,8.19
大貨車,FUSO(三菱),7.822,2PG-FEBM0,4P10,2.998,430,129,5.6475,8.02
大貨車,FUSO(三菱),7.822,2PG-FEBM0,4P10,2.998,430,129,5.6475,7.94
大貨車,FUSO(三菱),7.822,2PG-FEC90,4P10,2.998,430,129,5.6475,8.09
大貨車,FUSO(三菱),7.822,2RG-FEC90,4P10,2.998,430,129,5.6475,8.19
大貨車,FUSO(三菱),7.822,2RG-FEC90,4P10,2.998,430,129,5.6475,8.19
大貨車,FUSO(三菱),7.822,2PG-FED90,4P10,2.998,430,129,5.6475,8.09
大貨車,FUSO(三菱),7.822,2RG-FED90,4P10,2.998,430,129,5.6475,8.09
大貨車,FUSO(三菱),7.822,2RG-FED90,4P10,2.998,430,129,5.6475,8.09
大貨車,FUSO(三菱),4.661,2RG-FBA30,4P10,2.998,430,110,3.451,11.76
大貨車,FUSO(三菱),4.661,2RG-FBA30,4P10,2.998,430,110,3.451,11.62
大貨車,FUSO(三菱),4.661,2RG-FBA60,4P10,2.998,430,110,3.451,11.76
大貨車,FUSO(三菱),4.661,2RG-FBA60,4P10,2.998,430,110,3.451,11.62
大貨車,FUSO(三菱),5.914,2RG-FBA60,4P10,2.998,430,110,4.15455,10.39
大貨車,FUSO(三菱),5.914,2RG-FBA60,4P10,2.998,430,110,4.15455,10.36
大貨車,FUSO(三菱),4.661,2RG-FDA40,4P10,2.998,430,96,3.451,11.83
大貨車,FUSO(三菱),4.661,2RG-FDA60,4P10,2.998,430,110,3.451,11.4
大貨車,FUSO(三菱),5.914,2RG-FDA60,4P10,2.998,430,110,4.15455,10.39
大貨車,FUSO(三菱),3.744,2TG-FBA00,4P10,2.998,430,81,2.8189,13.29
大貨車,FUSO(三菱),3.744,2TG-FBA00,4P10,2.998,430,96,2.8189,13.12
大貨車,FUSO(三菱),4.661,2TG-FDA00,4P10,2.998,430,96,3.451,11.83
大貨車,FUSO(三菱),4.661,2RG-FBA20,4P10,2.998,430,96,3.451,11.83
大貨車,FUSO(三菱),4.661,2RG-FBA20,4P10,2.998,430,96,3.451,11.72
大貨車,FUSO(三菱),4.661,2RG-FDA20,4P10,2.998,430,96,3.451,11.83
大貨車,FUSO(三菱),4.661,2RG-FBAV0,4P10,2.998,430,110,3.451,11.76
大貨車,FUSO(三菱),4.661,2RG-FBAV0,4P10,2.998,430,110,3.451,11.62
大貨車,FUSO(三菱),5.914,2RG-FBAV0,4P10,2.998,430,110,4.15455,10.39
大貨車,FUSO(三菱),5.914,2RG-FBAV0,4P10,2.998,430,110,4.15455,10.36
大貨車,FUSO(三菱),4.661,2RG-FDA50,4P10,2.998,430,110,3.451,11.76
大貨車,FUSO(三菱),5.914,2RG-FDA50,4P10,2.998,430,110,4.15455,10.39
大貨車,FUSO(三菱),4.661,2RG-FEA20,4P10,2.998,430,96,3.451,11.83
大貨車,FUSO(三菱),4.661,2RG-FEA20,4P10,2.998,430,96,3.451,11.72
大貨車,FUSO(三菱),4.661,2RG-FEB20,4P10,2.998,430,96,3.451,11.83
大貨車,FUSO(三菱),4.661,2RG-FEB20,4P10,2.998,430,96,3.451,11.72
大貨車,FUSO(三菱),4.661,2RG-FEAV0,4P10,2.998,430,110,3.451,11.76
大貨車,FUSO(三菱),4.661,2RG-FEAV0,4P10,2.998,430,110,3.451,11.62
大貨車,FUSO(三菱),5.914,2RG-FEAV0,4P10,2.998,430,110,4.15455,10.39
大貨車,FUSO(三菱),5.914,2RG-FEAV0,4P10,2.998,430,110,4.15455,10.36
大貨車,FUSO(三菱),4.661,2RG-FEB50,4P10,2.998,430,96,3.451,11.83
大貨車,FUSO(三菱),4.661,2RG-FEB50,4P10,2.998,430,96,3.451,11.72
大貨車,FUSO(三菱),4.661,2RG-FEB50,4P10,2.998,430,110,3.451,11.76
大貨車,FUSO(三菱),4.661,2RG-FEB50,4P10,2.998,430,110,3.451,11.62
大貨車,FUSO(三菱),5.914,2RG-FEB50,4P10,2.998,430,110,4.15455,10.39
大貨車,FUSO(三菱),5.914,2RG-FEB50,4P10,2.998,430,110,4.15455,10.36
大貨車,FUSO(三菱),4.661,2RG-FGA20,4P10,2.998,430,96,3.451,11.83
大貨車,FUSO(三菱),4.661,2RG-FGA50,4P10,2.998,430,110,3.451,11.76
大貨車,FUSO(三菱),5.914,2RG-FGA50,4P10,2.998,430,110,4.15455,10.39
大貨車,FUSO(三菱),6.715,2PG-FEA80,4P10,2.998,430,110,4.6046499999999995,9.31
大貨車,FUSO(三菱),6.715,2PG-FEA80,4P10,2.998,430,110,4.6046499999999995,9.49
大貨車,FUSO(三菱),4.661,2RG-FEA80,4P10,2.998,430,110,3.451,11.76
大貨車,FUSO(三菱),4.661,2RG-FEA80,4P10,2.998,430,110,3.451,11.62
大貨車,FUSO(三菱),5.914,2RG-FEA80,4P10,2.998,430,110,4.15455,10.39
大貨車,FUSO(三菱),5.914,2RG-FEA80,4P10,2.998,430,110,4.15455,10.36
大貨車,FUSO(三菱),6.715,2PG-FEB80,4P10,2.998,430,110,4.6046499999999995,9.31
大貨車,FUSO(三菱),6.715,2PG-FEB80,4P10,2.998,430,110,4.6046499999999995,9.49
大貨車,FUSO(三菱),5.914,2PG-FEB80,4P10,2.998,430,129,4.15455,10.41
大貨車,FUSO(三菱),5.914,2PG-FEB80,4P10,2.998,430,129,4.15455,10.39
大貨車,FUSO(三菱),6.715,2PG-FEB80,4P10,2.998,430,129,4.6046499999999995,9.51
大貨車,FUSO(三菱),6.715,2PG-FEB80,4P10,2.998,430,129,4.6046499999999995,9.48
大貨車,FUSO(三菱),4.661,2RG-FEB80,4P10,2.998,430,110,3.451,11.76
大貨車,FUSO(三菱),4.661,2RG-FEB80,4P10,2.998,430,110,3.451,11.62
大貨車,FUSO(三菱),5.914,2RG-FEB80,4P10,2.998,430,110,4.15455,10.39
大貨車,FUSO(三菱),5.914,2RG-FEB80,4P10,2.998,430,110,4.15455,10.36
大貨車,FUSO(三菱),4.661,2RG-FEB80,4P10,2.998,430,129,3.451,11.77
大貨車,FUSO(三菱),4.661,2RG-FEB80,4P10,2.998,430,129,3.451,11.76
大貨車,FUSO(三菱),6.715,2PG-FEBS0,4P10,2.998,430,110,4.6046499999999995,9.31
大貨車,FUSO(三菱),6.715,2PG-FEBS0,4P10,2.998,430,110,4.6046499999999995,9.49
大貨車,FUSO(三菱),6.715,2PG-FEBS0,4P10,2.998,430,129,4.6046499999999995,9.51
大貨車,FUSO(三菱),6.715,2PG-FECS0,4P10,2.998,430,129,4.6046499999999995,9.51
大貨車,FUSO(三菱),6.715,2PG-FECS0,4P10,2.998,430,129,4.6046499999999995,9.48
大貨車,FUSO(三菱),6.715,2PG-FEBH0,4P10,2.998,430,129,4.6046499999999995,9.21
大貨車,FUSO(三菱),6.715,2PG-FEDS0,4P10,2.998,430,129,4.6046499999999995,9.51
大貨車,FUSO(三菱),6.715,2PG-FEDS0,4P10,2.998,430,129,4.6046499999999995,9.48
大貨車,HINO(日野),3.744,2KG-GDB60Y,1GD,2.754,420,110,2.8189,12.09
大貨車,HINO(日野),3.744,2KG-GDB70Y,1GD,2.754,420,110,2.8189,12.09
大貨車,HINO(日野),4.661,2SG-XKC605M,N04C-H1,4.009,470,110,3.451,12.65
大貨車,HINO(日野),4.661,2SG-XKU605M,N04C-H1,4.009,470,110,3.451,12.65
大貨車,HINO(日野),5.914,2SG-XKU605M,N04C-H1,4.009,470,110,4.15455,11.21
大貨車,HINO(日野),4.661,2SG-XKU605X,N04C-H1,4.009,470,110,3.451,12.65
大貨車,HINO(日野),4.661,2SG-XKU655M,N04C-H1,4.009,470,110,3.451,12.65
大貨車,HINO(日野),5.914,2SG-XKU655M,N04C-H1,4.009,470,110,4.15455,11.21
大貨車,HINO(日野),4.661,2SG-XKU710M,N04C-H1,4.009,470,110,3.451,12.65
大貨車,HINO(日野),4.661,2SG-XKU720M,N04C-H1,4.009,470,110,3.451,12.65
大貨車,HINO(日野),5.914,2SG-XKU645M,N04C-H1,4.009,470,110,4.15455,11.21
大貨車,HINO(日野),5.914,2SG-XKU702M,N04C-H1,4.009,470,110,4.15455,11.21
大貨車,HINO(日野),5.914,2SG-XKU712M,N04C-H1,4.009,470,110,4.15455,11.21
大貨車,HINO(日野),5.914,2SG-XKU722M,N04C-H1,4.009,470,110,4.15455,11.21
大貨車,HINO(日野),6.715,2QG-XKU702M,N04C-H1,4.009,470,110,4.6046499999999995,10.06
大貨車,HINO(日野),6.715,2QG-XKU712M,N04C-H1,4.009,470,110,4.6046499999999995,10.06
大貨車,HINO(日野),6.715,2QG-XKU722M,N04C-H1,4.009,470,110,4.6046499999999995,10.06
大貨車,HINO(日野),4.661,2KG-XZC600T,N04C,4.009,440,110,3.451,10.84
大貨車,HINO(日野),4.661,2KG-XZC600T,N04C,4.009,440,110,3.451,10.69
大貨車,HINO(日野),4.661,2KG-XZC605M,N04C,4.009,440,110,3.451,10.84
大貨車,HINO(日野),4.661,2KG-XZC605M,N04C,4.009,440,110,3.451,10.69
大貨車,HINO(日野),4.661,2KG-XZC630T,N04C,4.009,440,110,3.451,10.84
大貨車,HINO(日野),4.661,2KG-XZC645M,N04C,4.009,440,110,3.451,10.84
大貨車,HINO(日野),4.661,2KG-XZC645M,N04C,4.009,440,110,3.451,10.69
大貨車,HINO(日野),4.661,2KG-XZC655M,N04C,4.009,440,110,3.451,10.84
大貨車,HINO(日野),4.661,2KG-XZC655M,N04C,4.009,440,110,3.451,10.69
大貨車,HINO(日野),4.661,2KG-XZC710M,N04C,4.009,440,110,3.451,10.84
大貨車,HINO(日野),4.661,2KG-XZC710M,N04C,4.009,440,110,3.451,10.69
大貨車,HINO(日野),4.661,2KG-XZU600T,N04C,4.009,440,110,3.451,10.84
大貨車,HINO(日野),4.661,2KG-XZU600T,N04C,4.009,440,110,3.451,10.69
大貨車,HINO(日野),5.914,2KG-XZU600T,N04C,4.009,440,110,4.15455,9.82
大貨車,HINO(日野),5.914,2KG-XZU600T,N04C,4.009,440,110,4.15455,9.62
大貨車,HINO(日野),4.661,2KG-XZU600X,N04C,4.009,440,110,3.451,10.84
大貨車,HINO(日野),4.661,2KG-XZU600X,N04C,4.009,440,110,3.451,10.69
大貨車,HINO(日野),4.661,2KG-XZU605M,N04C,4.009,440,110,3.451,10.84
大貨車,HINO(日野),4.661,2KG-XZU605M,N04C,4.009,440,110,3.451,10.69
大貨車,HINO(日野),5.914,2KG-XZU605M,N04C,4.009,440,110,4.15455,9.82
大貨車,HINO(日野),5.914,2KG-XZU605M,N04C,4.009,440,110,4.15455,9.62
大貨車,HINO(日野),4.661,2KG-XZU605X,N04C,4.009,440,110,3.451,10.84
大貨車,HINO(日野),4.661,2KG-XZU605X,N04C,4.009,440,110,3.451,10.69
大貨車,HINO(日野),5.914,2KG-XZU605X,N04C,4.009,440,110,4.15455,9.82
大貨車,HINO(日野),5.914,2KG-XZU605X,N04C,4.009,440,110,4.15455,9.62
大貨車,HINO(日野),4.661,2KG-XZU630T,N04C,4.009,440,110,3.451,10.84
大貨車,HINO(日野),5.914,2KG-XZU630T,N04C,4.009,440,110,4.15455,9.82
大貨車,HINO(日野),4.661,2KG-XZU645M,N04C,4.009,440,110,3.451,10.84
大貨車,HINO(日野),4.661,2KG-XZU645M,N04C,4.009,440,110,3.451,10.69
大貨車,HINO(日野),5.914,2KG-XZU645M,N04C,4.009,440,110,4.15455,9.82
大貨車,HINO(日野),5.914,2KG-XZU645M,N04C,4.009,440,110,4.15455,9.62
大貨車,HINO(日野),4.661,2KG-XZU650M,N04C,4.009,440,110,3.451,10.84
大貨車,HINO(日野),4.661,2KG-XZU650M,N04C,4.009,440,110,3.451,10.69
大貨車,HINO(日野),5.914,2KG-XZU650M,N04C,4.009,440,110,4.15455,9.82
大貨車,HINO(日野),5.914,2KG-XZU650M,N04C,4.009,440,110,4.15455,9.62
大貨車,HINO(日野),4.661,2KG-XZU655M,N04C,4.009,440,110,3.451,10.84
大貨車,HINO(日野),4.661,2KG-XZU655M,N04C,4.009,440,110,3.451,10.69
大貨車,HINO(日野),5.914,2KG-XZU655M,N04C,4.009,440,110,4.15455,9.82
大貨車,HINO(日野),5.914,2KG-XZU655M,N04C,4.009,440,110,4.15455,9.62
大貨車,HINO(日野),4.661,2KG-XZU700M,N04C,4.009,440,110,3.451,10.84
大貨車,HINO(日野),4.661,2KG-XZU700M,N04C,4.009,440,110,3.451,10.69
大貨車,HINO(日野),7.822,2KG-XZU700M,N04C,4.009,440,110,5.6475,7.66
大貨車,HINO(日野),7.822,2KG-XZU700M,N04C,4.009,440,110,5.6475,7.65
大貨車,HINO(日野),7.822,2KG-XZU700M,N04C,4.009,470,132,5.6475,7.58
大貨車,HINO(日野),4.661,2KG-XZU710M,N04C,4.009,440,110,3.451,10.84
大貨車,HINO(日野),4.661,2KG-XZU710M,N04C,4.009,440,110,3.451,10.69
大貨車,HINO(日野),7.822,2KG-XZU710M,N04C,4.009,440,110,5.6475,7.66
大貨車,HINO(日野),7.822,2KG-XZU710M,N04C,4.009,440,110,5.6475,7.65
大貨車,HINO(日野),7.822,2KG-XZU710M,N04C,4.009,470,132,5.6475,7.58
大貨車,HINO(日野),4.661,2KG-XZU720M,N04C,4.009,440,110,3.451,10.84
大貨車,HINO(日野),4.661,2KG-XZU720M,N04C,4.009,440,110,3.451,10.69
大貨車,HINO(日野),7.822,2KG-XZU720M,N04C,4.009,440,110,5.6475,7.66
大貨車,HINO(日野),7.822,2KG-XZU720M,N04C,4.009,440,110,5.6475,7.65
大貨車,HINO(日野),7.822,2KG-XZU720M,N04C,4.009,470,132,5.6475,7.58
大貨車,HINO(日野),4.661,2DG-XZU710M,N04C,4.009,470,132,3.451,10.49
大貨車,HINO(日野),4.661,2DG-XZU710M,N04C,4.009,440,110,3.451,10.24
大貨車,HINO(日野),7.822,2DG-XZU710M,N04C,4.009,470,132,5.6475,7.42
大貨車,HINO(日野),4.661,2DG-XZU720M,N04C,4.009,470,132,3.451,10.49
大貨車,HINO(日野),4.661,2DG-XZU720M,N04C,4.009,440,110,3.451,10.24
大貨車,HINO(日野),7.822,2DG-XZU720M,N04C,4.009,470,132,5.6475,7.42
大貨車,HINO(日野),4.661,2DG-XZC600T,N04C,4.009,440,110,3.451,10.24
大貨車,HINO(日野),4.661,2DG-XZC605M,N04C,4.009,440,110,3.451,10.24
大貨車,HINO(日野),4.661,2DG-XZC630T,N04C,4.009,440,110,3.451,10.24
大貨車,HINO(日野),4.661,2DG-XZC645M,N04C,4.009,440,110,3.451,10.24
大貨車,HINO(日野),4.661,2DG-XZC655M,N04C,4.009,440,110,3.451,10.24
大貨車,HINO(日野),4.661,2DG-XZC710M,N04C,4.009,440,110,3.451,10.24
大貨車,HINO(日野),4.661,2DG-XZU600T,N04C,4.009,440,110,3.451,10.24
大貨車,HINO(日野),5.914,2DG-XZU600T,N04C,4.009,440,110,4.15455,9.49
大貨車,HINO(日野),4.661,2DG-XZU600X,N04C,4.009,440,110,3.451,10.24
大貨車,HINO(日野),4.661,2DG-XZU605M,N04C,4.009,440,110,3.451,10.24
大貨車,HINO(日野),5.914,2DG-XZU605M,N04C,4.009,440,110,4.15455,9.49
大貨車,HINO(日野),4.661,2DG-XZU605X,N04C,4.009,440,110,3.451,10.24
大貨車,HINO(日野),5.914,2DG-XZU605X,N04C,4.009,440,110,4.15455,9.49
大貨車,HINO(日野),4.661,2DG-XZU630T,N04C,4.009,440,110,3.451,10.24
大貨車,HINO(日野),5.914,2DG-XZU630T,N04C,4.009,440,110,4.15455,9.49
大貨車,HINO(日野),4.661,2DG-XZU645M,N04C,4.009,440,110,3.451,10.24
大貨車,HINO(日野),5.914,2DG-XZU645M,N04C,4.009,440,110,4.15455,9.49
大貨車,HINO(日野),4.661,2DG-XZU650M,N04C,4.009,440,110,3.451,10.24
大貨車,HINO(日野),5.914,2DG-XZU650M,N04C,4.009,440,110,4.15455,9.49
大貨車,HINO(日野),4.661,2DG-XZU655M,N04C,4.009,440,110,3.451,10.24
大貨車,HINO(日野),5.914,2DG-XZU655M,N04C,4.009,440,110,4.15455,9.49
大貨車,HINO(日野),4.661,2DG-XZU700M,N04C,4.009,440,110,3.451,10.24
大貨車,HINO(日野),7.822,2DG-XZU700M,N04C,4.009,470,132,5.6475,7.42
大貨車,HINO(日野),4.661,2DG-XZC675M,N04C,4.009,440,110,3.451,9.96
大貨車,HINO(日野),4.661,2DG-XZC675T,N04C,4.009,440,110,3.451,9.96
大貨車,HINO(日野),4.661,2DG-XZU675M,N04C,4.009,440,110,3.451,9.96
大貨車,HINO(日野),5.914,2DG-XZU675M,N04C,4.009,440,110,4.15455,9.18
大貨車,HINO(日野),4.661,2DG-XZU675T,N04C,4.009,440,110,3.451,9.96
大貨車,HINO(日野),5.914,2DG-XZU675T,N04C,4.009,440,110,4.15455,9.18
大貨車,HINO(日野),4.661,2DG-XZU685M,N04C,4.009,440,110,3.451,9.96
大貨車,HINO(日野),5.914,2DG-XZU685M,N04C,4.009,440,110,4.15455,9.18
大貨車,HINO(日野),5.914,2DG-XZU685M,N04C,4.009,440,110,4.15455,8.78
大貨車,HINO(日野),4.661,2DG-XZU695M,N04C,4.009,440,110,3.451,9.96
大貨車,HINO(日野),5.914,2DG-XZU695M,N04C,4.009,440,110,4.15455,9.18
大貨車,HINO(日野),4.661,2DG-XZU775M,N04C,4.009,440,110,3.451,9.96
大貨車,HINO(日野),5.914,2DG-XZU775M,N04C,4.009,440,110,4.15455,9.18
大貨車,HINO(日野),5.914,2KG-XZU600E,N04C,4.009,440,110,4.15455,9.82
大貨車,HINO(日野),5.914,2KG-XZU600E,N04C,4.009,440,110,4.15455,9.62
大貨車,HINO(日野),5.914,2KG-XZU640M,N04C,4.009,440,110,4.15455,9.82
大貨車,HINO(日野),5.914,2KG-XZU640M,N04C,4.009,440,110,4.15455,9.62
大貨車,HINO(日野),5.914,2KG-XZU702M,N04C,4.009,440,110,4.15455,9.82
大貨車,HINO(日野),5.914,2KG-XZU702M,N04C,4.009,440,110,4.15455,9.62
大貨車,HINO(日野),6.715,2KG-XZU702M,N04C,4.009,440,110,4.6046499999999995,8.9
大貨車,HINO(日野),5.914,2KG-XZU712M,N04C,4.009,440,110,4.15455,9.82
大貨車,HINO(日野),5.914,2KG-XZU712M,N04C,4.009,440,110,4.15455,9.62
大貨車,HINO(日野),5.914,2KG-XZU712M,N04C,4.009,470,132,4.15455,9.59
大貨車,HINO(日野),6.715,2KG-XZU712M,N04C,4.009,440,110,4.6046499999999995,8.9
大貨車,HINO(日野),6.715,2KG-XZU712M,N04C,4.009,440,110,4.6046499999999995,8.74
大貨車,HINO(日野),5.914,2KG-XZU722M,N04C,4.009,440,110,4.15455,9.82
大貨車,HINO(日野),5.914,2KG-XZU722M,N04C,4.009,440,110,4.15455,9.62
大貨車,HINO(日野),5.914,2KG-XZU722M,N04C,4.009,470,132,4.15455,9.59
大貨車,HINO(日野),6.715,2KG-XZU722M,N04C,4.009,440,110,4.6046499999999995,8.9
大貨車,HINO(日野),6.715,2KG-XZU722M,N04C,4.009,440,110,4.6046499999999995,8.74
大貨車,HINO(日野),5.914,2DG-XZU600E,N04C,4.009,440,110,4.15455,9.49
大貨車,HINO(日野),5.914,2DG-XZU600E,N04C,4.009,440,110,4.15455,8.83
大貨車,HINO(日野),5.914,2DG-XZU640M,N04C,4.009,440,110,4.15455,9.49
大貨車,HINO(日野),5.914,2DG-XZU640M,N04C,4.009,440,110,4.15455,8.83
大貨車,HINO(日野),5.914,2DG-XZU702M,N04C,4.009,440,110,4.15455,9.49
大貨車,HINO(日野),5.914,2DG-XZU712M,N04C,4.009,440,110,4.15455,9.49
大貨車,HINO(日野),6.715,2DG-XZU712M,N04C,4.009,470,132,4.6046499999999995,8.68
大貨車,HINO(日野),5.914,2DG-XZU722M,N04C,4.009,440,110,4.15455,9.49
大貨車,HINO(日野),6.715,2DG-XZU722M,N04C,4.009,470,132,4.6046499999999995,8.68
大貨車,HINO(日野),6.715,2KG-XZU602F,N04C,4.009,440,110,4.6046499999999995,8.9
大貨車,HINO(日野),6.715,2KG-XZU602F,N04C,4.009,440,110,4.6046499999999995,8.74
大貨車,HINO(日野),6.715,2KG-XZU642F,N04C,4.009,440,110,4.6046499999999995,8.9
大貨車,HINO(日野),6.715,2KG-XZU642F,N04C,4.009,440,110,4.6046499999999995,8.74
大貨車,HINO(日野),6.715,2KG-XZU642J,N04C,4.009,440,110,4.6046499999999995,8.9
大貨車,HINO(日野),6.715,2KG-XZU652F,N04C,4.009,440,110,4.6046499999999995,8.9
大貨車,HINO(日野),6.715,2KG-XZU652F,N04C,4.009,440,110,4.6046499999999995,8.74
大貨車,HINO(日野),6.715,2KG-XZU702X,N04C,4.009,440,110,4.6046499999999995,8.74
大貨車,HINO(日野),6.715,2KG-XZU732M,N04C,4.009,440,110,4.6046499999999995,8.74
大貨車,HINO(日野),6.715,2DG-XZU732M,N04C,4.009,470,132,4.6046499999999995,8.68
大貨車,HINO(日野),7.822,2KG-XZU600F,N04C,4.009,440,110,5.6475,7.66
大貨車,HINO(日野),7.822,2KG-XZU600F,N04C,4.009,440,110,5.6475,7.65
大貨車,HINO(日野),7.822,2KG-XZU640F,N04C,4.009,440,110,5.6475,7.66
大貨車,HINO(日野),7.822,2KG-XZU650F,N04C,4.009,440,110,5.6475,7.66
大貨車,HINO(日野),7.822,2KG-XZU730M,N04C,4.009,440,110,5.6475,7.65
大貨車,HINO(日野),7.822,2KG-XZU730M,N04C,4.009,470,132,5.6475,7.58
大貨車,HINO(日野),7.822,2KG-XZU700X,N04C,4.009,470,132,5.6475,7.58
大貨車,HINO(日野),7.822,2DG-XZU700X,N04C,4.009,470,132,5.6475,7.42
大貨車,HINO(日野),7.822,2DG-XZU730M,N04C,4.009,470,132,5.6475,7.42
大貨車,HINO(日野),3.744,2PG-GDY231M,1GD,2.754,300,106,2.8189,11.56
大貨車,HINO(日野),3.744,2PG-GDY281M,1GD,2.754,300,106,2.8189,11.81
大貨車,HINO(日野),3.744,2DG-GDY281M,1GD,2.754,300,106,2.8189,11.31
大貨車,HINO(日野),3.744,2DG-GDY231M,1GD,2.754,300,106,2.8189,10.81
大貨車,HINO(日野),4.661,2DG-GDY231M,1GD,2.754,300,106,3.451,9.97
大貨車,HINO(日野),4.661,2DG-GDY231M,1GD,2.754,300,106,3.451,10.16
大貨車,HINO(日野),7.822,2PG-FC2ABA,A05C,5.123,794,177,5.6475,7.95
大貨車,HINO(日野),7.822,2PG-FC2ABA,A05C,5.123,794,177,5.6475,7.59
大貨車,HINO(日野),7.822,2KG-FC2ABA,A05C,5.123,794,177,5.6475,7.76
大貨車,HINO(日野),7.822,2KG-FC2ABA,A05C,5.123,794,177,5.6475,7.4
大貨車,HINO(日野),7.822,2PG-FC2ABG,A05C,5.123,794,177,5.6475,7.95
大貨車,HINO(日野),7.822,2PG-FC2ABG,A05C,5.123,794,177,5.6475,7.59
大貨車,HINO(日野),7.822,2KG-FC2ABG,A05C,5.123,794,177,5.6475,7.76
大貨車,HINO(日野),7.822,2KG-FC2ABG,A05C,5.123,794,177,5.6475,7.4
大貨車,HINO(日野),7.822,2PG-FD2ABA,A05C,5.123,794,177,5.6475,7.95
大貨車,HINO(日野),7.822,2PG-FD2ABA,A05C,5.123,794,177,5.6475,7.59
大貨車,HINO(日野),7.822,2KG-FD2ABA,A05C,5.123,794,177,5.6475,7.76
大貨車,HINO(日野),7.822,2KG-FD2ABA,A05C,5.123,794,177,5.6475,7.4
大貨車,HINO(日野),7.822,2KG-FD2ABA,A05C,5.123,794,177,5.6475,7.38
大貨車,HINO(日野),7.822,2DG-FD2ABA,A05C,5.123,794,177,5.6475,6.98
大貨車,HINO(日野),7.822,2PG-FD2ABG,A05C,5.123,794,177,5.6475,7.95
大貨車,HINO(日野),7.822,2PG-FD2ABG,A05C,5.123,794,177,5.6475,7.59
大貨車,HINO(日野),7.822,2KG-FD2ABG,A05C,5.123,794,177,5.6475,7.76
大貨車,HINO(日野),7.822,2KG-FD2ABG,A05C,5.123,794,177,5.6475,7.4
大貨車,HINO(日野),7.822,2PG-FD2ABJ,A05C,5.123,794,177,5.6475,7.95
大貨車,HINO(日野),7.822,2KG-FD2ABJ,A05C,5.123,794,177,5.6475,7.76
大貨車,HINO(日野),7.822,2KG-FX2ABA,A05C,5.123,794,177,5.6475,7.86
大貨車,HINO(日野),7.822,2KG-FX2ABA,A05C,5.123,794,177,5.6475,7.67
大貨車,HINO(日野),10.509,2KG-GC2ABA,A05C,5.123,794,177,7.264,6.63
大貨車,HINO(日野),10.509,2KG-GC2ABA,A05C,5.123,794,177,7.264,6.51
大貨車,HINO(日野),10.509,2KG-GC2ABA,A05C,5.123,794,177,7.264,6.42
大貨車,HINO(日野),10.509,2KG-GC2ABA,A05C,5.123,794,177,7.264,6.3
大貨車,HINO(日野),10.509,2KG-GC2ABG,A05C,5.123,794,177,7.264,6.63
大貨車,HINO(日野),10.509,2KG-GC2ABG,A05C,5.123,794,177,7.264,6.51
大貨車,HINO(日野),10.509,2KG-GC2ABG,A05C,5.123,794,177,7.264,6.42
大貨車,HINO(日野),10.509,2KG-GC2ABG,A05C,5.123,794,177,7.264,6.3
大貨車,HINO(日野),10.509,2KG-GD2ABA,A05C,5.123,794,177,7.264,6.63
大貨車,HINO(日野),10.509,2KG-GD2ABA,A05C,5.123,794,177,7.264,6.52
大貨車,HINO(日野),10.509,2KG-GD2ABA,A05C,5.123,794,177,7.264,6.51
大貨車,HINO(日野),10.509,2KG-GD2ABA,A05C,5.123,794,177,7.264,6.42
大貨車,HINO(日野),10.509,2KG-GD2ABA,A05C,5.123,794,177,7.264,6.3
大貨車,HINO(日野),10.509,2DG-GD2ABA,A05C,5.123,794,177,7.264,6.22
大貨車,HINO(日野),10.509,2KG-GD2ABG,A05C,5.123,794,177,7.264,6.63
大貨車,HINO(日野),10.509,2KG-GD2ABG,A05C,5.123,794,177,7.264,6.51
大貨車,HINO(日野),10.509,2KG-GD2ABG,A05C,5.123,794,177,7.264,6.42
大貨車,HINO(日野),10.509,2KG-GD2ABG,A05C,5.123,794,177,7.264,6.3
大貨車,HINO(日野),10.509,2PG-GX2ABA,A05C,5.123,794,177,7.264,6.9
大貨車,HINO(日野),10.509,2PG-GX2ABA,A05C,5.123,794,177,7.264,6.68
大貨車,HINO(日野),10.509,2KG-GX2ABA,A05C,5.123,794,177,7.264,6.77
大貨車,HINO(日野),10.509,2KG-GX2ABA,A05C,5.123,794,177,7.264,6.54
大貨車,HINO(日野),13.438,2PG-FJ2ACA,A05C,5.123,794,177,9.113,6.02
大貨車,HINO(日野),13.438,2KG-FJ2ACA,A05C,5.123,794,177,9.113,5.92
大貨車,HINO(日野),13.438,2KG-FJ2ACA,A05C,5.123,833,177,9.113,5.91
大貨車,HINO(日野),13.438,2KG-FJ2ACA,A05C,5.123,833,177,9.113,5.81
大貨車,HINO(日野),13.438,2KG-FJ2ACA,A05C,5.123,794,177,9.113,5.77
大貨車,HINO(日野),13.438,2DG-FJ2ACA,A05C,5.123,794,177,9.113,5.54
大貨車,HINO(日野),13.438,2KG-FJ2ACG,A05C,5.123,833,177,9.113,5.91
大貨車,HINO(日野),13.438,2KG-FJ2ACG,A05C,5.123,833,177,9.113,5.81
大貨車,HINO(日野),13.438,2KG-FJ2ACG,A05C,5.123,833,177,9.113,5.76
大貨車,HINO(日野),13.438,2KG-FJ2ACG,A05C,5.123,833,177,9.113,5.66
大貨車,HINO(日野),13.438,2PG-FE2ACA,A05C,5.123,882,191,9.113,6.22
大貨車,HINO(日野),13.438,2PG-FE2ACA,A05C,5.123,833,177,9.113,6.13
大貨車,HINO(日野),13.438,2PG-FE2ACA,A05C,5.123,882,191,9.113,6.03
大貨車,HINO(日野),13.438,2PG-FE2ACA,A05C,5.123,794,177,9.113,6.02
大貨車,HINO(日野),13.438,2PG-FE2ACA,A05C,5.123,833,177,9.113,5.96
大貨車,HINO(日野),13.438,2KG-FE2ACA,A05C,5.123,882,191,9.113,6.11
大貨車,HINO(日野),13.438,2KG-FE2ACA,A05C,5.123,833,177,9.113,6.03
大貨車,HINO(日野),13.438,2KG-FE2ACA,A05C,5.123,882,191,9.113,5.96
大貨車,HINO(日野),13.438,2KG-FE2ACA,A05C,5.123,794,177,9.113,5.92
大貨車,HINO(日野),13.438,2KG-FE2ACA,A05C,5.123,882,191,9.113,5.91
大貨車,HINO(日野),13.438,2KG-FE2ACA,A05C,5.123,833,177,9.113,5.91
大貨車,HINO(日野),13.438,2KG-FE2ACA,A05C,5.123,882,191,9.113,5.86
大貨車,HINO(日野),13.438,2KG-FE2ACA,A05C,5.123,833,177,9.113,5.85
大貨車,HINO(日野),13.438,2KG-FE2ACA,A05C,5.123,833,177,9.113,5.81
大貨車,HINO(日野),13.438,2KG-FE2ACA,A05C,5.123,794,177,9.113,5.77
大貨車,HINO(日野),13.438,2KG-FE2ACA,A05C,5.123,833,177,9.113,5.76
大貨車,HINO(日野),13.438,2KG-FE2ACA,A05C,5.123,833,177,9.113,5.66
大貨車,HINO(日野),13.438,2DG-FE2ACA,A05C,5.123,794,177,9.113,5.54
大貨車,HINO(日野),13.438,2PG-FE2ACG,A05C,5.123,882,191,9.113,6.22
大貨車,HINO(日野),13.438,2PG-FE2ACG,A05C,5.123,833,177,9.113,6.13
大貨車,HINO(日野),13.438,2PG-FE2ACG,A05C,5.123,882,191,9.113,6.03
大貨車,HINO(日野),13.438,2PG-FE2ACG,A05C,5.123,833,177,9.113,5.96
大貨車,HINO(日野),13.438,2KG-FE2ACG,A05C,5.123,882,191,9.113,6.11
大貨車,HINO(日野),13.438,2KG-FE2ACG,A05C,5.123,833,177,9.113,6.03
大貨車,HINO(日野),13.438,2KG-FE2ACG,A05C,5.123,882,191,9.113,5.96
大貨車,HINO(日野),13.438,2KG-FE2ACG,A05C,5.123,882,191,9.113,5.91
大貨車,HINO(日野),13.438,2KG-FE2ACG,A05C,5.123,833,177,9.113,5.91
大貨車,HINO(日野),13.438,2KG-FE2ACG,A05C,5.123,882,191,9.113,5.86
大貨車,HINO(日野),13.438,2KG-FE2ACG,A05C,5.123,833,177,9.113,5.85
大貨車,HINO(日野),13.438,2KG-FE2ACG,A05C,5.123,833,177,9.113,5.81
大貨車,HINO(日野),13.438,2KG-FE2ACG,A05C,5.123,833,177,9.113,5.76
大貨車,HINO(日野),13.438,2KG-FE2ACG,A05C,5.123,833,177,9.113,5.66
大貨車,HINO(日野),14.522,2PG-FG2ABA,A05C,5.123,882,191,10.125,5.52
大貨車,HINO(日野),14.522,2KG-FG2ABA,A05C,5.123,882,191,10.125,5.43
大貨車,HINO(日野),14.522,2KG-FG2ABA,A05C,5.123,794,177,10.125,5.42
大貨車,HINO(日野),14.522,2DG-FG2ABA,A05C,5.123,794,177,10.125,5.22
大貨車,HINO(日野),19.529,2DG-GK2ABA,A05C,5.123,882,191,13.9195,4.3
大貨車,HINO(日野),19.529,2DG-GK2ABA,A05C,5.123,882,191,13.9195,4.24
大貨車,HINO(日野),19.529,2DG-GK2ABA,A05C,5.123,882,191,13.9195,4.07
大貨車,HINO(日野),19.529,2DG-GK2ABA,A05C,5.123,882,191,13.9195,4.04
大貨車,HINO(日野),14.522,2DG-FH1AGE,A09C,8.866,1569,265,10.125,5.23
大貨車,HINO(日野),14.522,2DG-FH1AGE,A09C,8.866,1569,265,10.125,5.33
大貨車,HINO(日野),14.522,2DG-FH1AGE,A09C,8.866,1569,265,10.125,5.56
大貨車,HINO(日野),14.522,2DG-FH1AGE,A09C,8.866,1569,265,10.125,5.67
大貨車,HINO(日野),19.529,2DG-FN1AGE,A09C,8.866,1177,221,13.9195,4.36
大貨車,HINO(日野),19.529,2DG-FN1AGE,A09C,8.866,1177,221,13.9195,4.43
大貨車,HINO(日野),19.529,2DG-FN1AGE,A09C,8.866,1569,265,13.9195,4.42
大貨車,HINO(日野),19.529,2DG-FN1AGE,A09C,8.866,1569,265,13.9195,4.51
大貨車,HINO(日野),19.529,2DG-FN1AGE,A09C,8.866,1569,265,13.9195,4.58
大貨車,HINO(日野),19.529,2DG-FN1AGC,A09C,8.866,1569,265,13.9195,4.42
大貨車,HINO(日野),19.529,2DG-FN1AGC,A09C,8.866,1569,265,13.9195,4.51
大貨車,HINO(日野),19.529,2DG-FN1AGC,A09C,8.866,1569,265,13.9195,4.58
大貨車,HINO(日野),24.147,2DG-FN1AJE,A09C,8.866,1177,221,17.412200000000002,3.82
大貨車,HINO(日野),24.147,2DG-FN1AJE,A09C,8.866,1177,221,17.412200000000002,3.86
大貨車,HINO(日野),24.147,2DG-FN1AJE,A09C,8.866,1569,265,17.412200000000002,3.81
大貨車,HINO(日野),24.147,2DG-FN1AJE,A09C,8.866,1569,265,17.412200000000002,3.94
大貨車,HINO(日野),24.147,2DG-FN1AJE,A09C,8.866,1569,265,17.412200000000002,3.9
大貨車,HINO(日野),24.147,2DG-FN1AJC,A09C,8.866,1177,221,17.412200000000002,3.82
大貨車,HINO(日野),24.147,2DG-FN1AJC,A09C,8.866,1177,221,17.412200000000002,3.86
大貨車,HINO(日野),24.147,2DG-FN1AJC,A09C,8.866,1569,265,17.412200000000002,3.81
大貨車,HINO(日野),24.147,2DG-FN1AJC,A09C,8.866,1569,265,17.412200000000002,3.94
大貨車,HINO(日野),24.147,2DG-FN1AJC,A09C,8.866,1569,265,17.412200000000002,3.9
大貨車,HINO(日野),24.147,2DG-FQ1AJC,A09C,8.866,1569,265,17.412200000000002,3.81
大貨車,HINO(日野),24.147,2DG-FQ1AJC,A09C,8.866,1569,265,17.412200000000002,3.94
大貨車,HINO(日野),24.147,2DG-FQ1AJC,A09C,8.866,1569,265,17.412200000000002,3.9
大貨車,HINO(日野),24.147,2DG-FQ1AJC,A09C,8.866,1569,279,17.412200000000002,3.81
大貨車,HINO(日野),24.147,2DG-FQ1AJB,A09C,8.866,1569,265,17.412200000000002,3.81
大貨車,HINO(日野),24.147,2DG-FQ1AJB,A09C,8.866,1569,265,17.412200000000002,3.94
大貨車,HINO(日野),24.147,2DG-FQ1AJB,A09C,8.866,1569,265,17.412200000000002,3.9
大貨車,HINO(日野),19.529,2DG-FR1AGE,A09C,8.866,1569,265,13.9195,4.42
大貨車,HINO(日野),19.529,2DG-FR1AGE,A09C,8.866,1569,265,13.9195,4.51
大貨車,HINO(日野),19.529,2DG-FR1AGE,A09C,8.866,1569,265,13.9195,4.58
大貨車,HINO(日野),24.147,2DG-FR1AHE,A09C,8.866,1569,265,17.412200000000002,3.93
大貨車,HINO(日野),24.147,2DG-FR1AHE,A09C,8.866,1569,265,17.412200000000002,3.98
大貨車,HINO(日野),24.147,2DG-FR1AHE,A09C,8.866,1765,279,17.412200000000002,3.99
大貨車,HINO(日野),24.147,2DG-FR1AHE,A09C,8.866,1765,279,17.412200000000002,3.99
大貨車,HINO(日野),24.147,2DG-FR1AHE,A09C,8.866,1765,279,17.412200000000002,4.03
大貨車,HINO(日野),24.147,2DG-FR1AHC,A09C,8.866,1569,265,17.412200000000002,3.81
大貨車,HINO(日野),24.147,2DG-FR1AHC,A09C,8.866,1569,265,17.412200000000002,3.94
大貨車,HINO(日野),24.147,2DG-FR1AHC,A09C,8.866,1569,265,17.412200000000002,3.9
大貨車,HINO(日野),24.147,2DG-FR1AHC,A09C,8.866,1569,265,17.412200000000002,3.93
大貨車,HINO(日野),24.147,2DG-FR1AHC,A09C,8.866,1569,265,17.412200000000002,3.98
大貨車,HINO(日野),24.147,2DG-FR1AHC,A09C,8.866,1765,279,17.412200000000002,3.99
大貨車,HINO(日野),24.147,2DG-FR1AHC,A09C,8.866,1765,279,17.412200000000002,3.99
大貨車,HINO(日野),24.147,2DG-FR1AHC,A09C,8.866,1765,279,17.412200000000002,4.03
大貨車,HINO(日野),24.147,2DG-FR1AHB,A09C,8.866,1765,279,17.412200000000002,3.99
大貨車,HINO(日野),24.147,2DG-FR1AHB,A09C,8.866,1765,279,17.412200000000002,3.99
大貨車,HINO(日野),24.147,2DG-FR1AHB,A09C,8.866,1765,279,17.412200000000002,4.03
大貨車,HINO(日野),24.147,2DG-FR1AJE,A09C,8.866,1569,265,17.412200000000002,3.81
大貨車,HINO(日野),24.147,2DG-FR1AJE,A09C,8.866,1569,265,17.412200000000002,3.81
大貨車,HINO(日野),24.147,2DG-FR1AJE,A09C,8.866,1569,265,17.412200000000002,3.85
大貨車,HINO(日野),24.147,2DG-FR1AJE,A09C,8.866,1569,265,17.412200000000002,3.94
大貨車,HINO(日野),24.147,2DG-FR1AJE,A09C,8.866,1569,265,17.412200000000002,3.9
大貨車,HINO(日野),24.147,2DG-FR1AJE,A09C,8.866,1569,265,17.412200000000002,3.93
大貨車,HINO(日野),24.147,2DG-FR1AJE,A09C,8.866,1569,265,17.412200000000002,3.98
大貨車,HINO(日野),24.147,2DG-FR1AJE,A09C,8.866,1569,279,17.412200000000002,3.54
大貨車,HINO(日野),24.147,2DG-FR1AJE,A09C,8.866,1765,279,17.412200000000002,3.99
大貨車,HINO(日野),24.147,2DG-FR1AJE,A09C,8.866,1765,279,17.412200000000002,3.78
大貨車,HINO(日野),24.147,2DG-FR1AJE,A09C,8.866,1765,279,17.412200000000002,3.81
大貨車,HINO(日野),24.147,2DG-FR1AJE,A09C,8.866,1765,279,17.412200000000002,3.99
大貨車,HINO(日野),24.147,2DG-FR1AJE,A09C,8.866,1765,279,17.412200000000002,4.03
大貨車,HINO(日野),24.147,2DG-FR1AJC,A09C,8.866,1569,265,17.412200000000002,3.81
大貨車,HINO(日野),24.147,2DG-FR1AJC,A09C,8.866,1569,265,17.412200000000002,3.94
大貨車,HINO(日野),24.147,2DG-FR1AJC,A09C,8.866,1569,265,17.412200000000002,3.9
大貨車,HINO(日野),24.147,2DG-FR1AJC,A09C,8.866,1765,279,17.412200000000002,3.99
大貨車,HINO(日野),19.529,2DG-FS1AGE,A09C,8.866,1569,265,13.9195,4.42
大貨車,HINO(日野),19.529,2DG-FS1AGE,A09C,8.866,1569,265,13.9195,4.51
大貨車,HINO(日野),19.529,2DG-FS1AGE,A09C,8.866,1569,265,13.9195,4.58
大貨車,HINO(日野),19.529,2DG-FS1AGE,A09C,8.866,1765,279,13.9195,4.5
大貨車,HINO(日野),19.529,2DG-FS1AGE,A09C,8.866,1765,279,13.9195,4.42
大貨車,HINO(日野),19.529,2DG-FS1AGE,A09C,8.866,1765,279,13.9195,4.49
大貨車,HINO(日野),24.147,2DG-FS1AHE,A09C,8.866,1569,265,17.412200000000002,3.81
大貨車,HINO(日野),24.147,2DG-FS1AHE,A09C,8.866,1569,265,17.412200000000002,3.81
大貨車,HINO(日野),24.147,2DG-FS1AHE,A09C,8.866,1569,265,17.412200000000002,3.85
大貨車,HINO(日野),24.147,2DG-FS1AHE,A09C,8.866,1569,265,17.412200000000002,3.94
大貨車,HINO(日野),24.147,2DG-FS1AHE,A09C,8.866,1569,265,17.412200000000002,3.9
大貨車,HINO(日野),24.147,2DG-FS1AHE,A09C,8.866,1569,265,17.412200000000002,3.93
大貨車,HINO(日野),24.147,2DG-FS1AHE,A09C,8.866,1569,265,17.412200000000002,3.98
大貨車,HINO(日野),24.147,2DG-FS1AHE,A09C,8.866,1765,279,17.412200000000002,3.99
大貨車,HINO(日野),24.147,2DG-FS1AHE,A09C,8.866,1765,279,17.412200000000002,3.78
大貨車,HINO(日野),24.147,2DG-FS1AHE,A09C,8.866,1765,279,17.412200000000002,3.81
大貨車,HINO(日野),24.147,2DG-FS1AHE,A09C,8.866,1765,279,17.412200000000002,3.99
大貨車,HINO(日野),24.147,2DG-FS1AHE,A09C,8.866,1765,279,17.412200000000002,4.03
大貨車,HINO(日野),24.147,2DG-FS1AHC,A09C,8.866,1569,265,17.412200000000002,3.81
大貨車,HINO(日野),24.147,2DG-FS1AHC,A09C,8.866,1569,265,17.412200000000002,3.93
大貨車,HINO(日野),24.147,2DG-FS1AHC,A09C,8.866,1569,265,17.412200000000002,3.98
大貨車,HINO(日野),24.147,2DG-FS1AHC,A09C,8.866,1765,279,17.412200000000002,3.99
大貨車,HINO(日野),24.147,2DG-FS1AHC,A09C,8.866,1765,279,17.412200000000002,3.99
大貨車,HINO(日野),24.147,2DG-FS1AHC,A09C,8.866,1765,279,17.412200000000002,4.03
大貨車,HINO(日野),24.147,2DG-FS1AHB,A09C,8.866,1765,279,17.412200000000002,3.99
大貨車,HINO(日野),24.147,2DG-FS1AHB,A09C,8.866,1765,279,17.412200000000002,3.99
大貨車,HINO(日野),24.147,2DG-FS1AHB,A09C,8.866,1765,279,17.412200000000002,4.03
大貨車,HINO(日野),24.147,2DG-FS1AJE,A09C,8.866,1569,265,17.412200000000002,3.81
大貨車,HINO(日野),24.147,2DG-FS1AJE,A09C,8.866,1569,265,17.412200000000002,3.81
大貨車,HINO(日野),24.147,2DG-FS1AJE,A09C,8.866,1569,265,17.412200000000002,3.85
大貨車,HINO(日野),24.147,2DG-FS1AJE,A09C,8.866,1569,265,17.412200000000002,3.94
大貨車,HINO(日野),24.147,2DG-FS1AJE,A09C,8.866,1569,265,17.412200000000002,3.9
大貨車,HINO(日野),24.147,2DG-FS1AJE,A09C,8.866,1765,279,17.412200000000002,3.99
大貨車,HINO(日野),24.147,2DG-FS1AJE,A09C,8.866,1765,279,17.412200000000002,3.78
大貨車,HINO(日野),24.147,2DG-FS1AJE,A09C,8.866,1765,279,17.412200000000002,3.81
大貨車,HINO(日野),24.147,2DG-FS1AJE,A09C,8.866,1765,279,17.412200000000002,3.99
大貨車,HINO(日野),24.147,2DG-FS1AJE,A09C,8.866,1765,279,17.412200000000002,4.03
大貨車,HINO(日野),24.147,2DG-FW1AHC,A09C,8.866,1569,265,17.412200000000002,3.81
大貨車,HINO(日野),24.147,2DG-FW1AHC,A09C,8.866,1569,265,17.412200000000002,3.94
大貨車,HINO(日野),24.147,2DG-FW1AHC,A09C,8.866,1569,265,17.412200000000002,3.9
大貨車,HINO(日野),24.147,2DG-FW1AHC,A09C,8.866,1569,265,17.412200000000002,3.93
大貨車,HINO(日野),24.147,2DG-FW1AHC,A09C,8.866,1569,265,17.412200000000002,3.98
大貨車,HINO(日野),24.147,2DG-FW1AHC,A09C,8.866,1569,279,17.412200000000002,3.81
大貨車,HINO(日野),24.147,2DG-FW1AHC,A09C,8.866,1765,279,17.412200000000002,3.99
大貨車,HINO(日野),24.147,2DG-FW1AHC,A09C,8.866,1765,279,17.412200000000002,3.99
大貨車,HINO(日野),24.147,2DG-FW1AHC,A09C,8.866,1765,279,17.412200000000002,4.03
大貨車,HINO(日野),24.147,2DG-FW1AHB,A09C,8.866,1765,279,17.412200000000002,3.99
大貨車,HINO(日野),24.147,2DG-FW1AHB,A09C,8.866,1765,279,17.412200000000002,3.99
大貨車,HINO(日野),24.147,2DG-FW1AHB,A09C,8.866,1765,279,17.412200000000002,4.03
大貨車,HINO(日野),24.147,2DG-FW1AJC,A09C,8.866,1569,265,17.412200000000002,3.81
大貨車,HINO(日野),24.147,2DG-FW1AJC,A09C,8.866,1569,265,17.412200000000002,3.94
大貨車,HINO(日野),24.147,2DG-FW1AJC,A09C,8.866,1569,265,17.412200000000002,3.9
大貨車,HINO(日野),24.147,2DG-FW1AJC,A09C,8.866,1569,279,17.412200000000002,3.81
大貨車,HINO(日野),24.147,2DG-FW1AJC,A09C,8.866,1765,279,17.412200000000002,3.99
大貨車,HINO(日野),24.147,2DG-FW1AJC,A09C,8.866,1765,279,17.412200000000002,3.99
大貨車,HINO(日野),24.147,2DG-FW1AJC,A09C,8.866,1765,279,17.412200000000002,4.03
大貨車,HINO(日野),24.147,2DG-FW1AJB,A09C,8.866,1569,265,17.412200000000002,3.81
大貨車,HINO(日野),24.147,2DG-FW1AJB,A09C,8.866,1569,265,17.412200000000002,3.94
大貨車,HINO(日野),24.147,2DG-FW1AJB,A09C,8.866,1569,265,17.412200000000002,3.9
大貨車,HINO(日野),24.147,2DG-FW1AJB,A09C,8.866,1765,279,17.412200000000002,3.99
大貨車,HINO(日野),24.147,2DG-FW1AJB,A09C,8.866,1765,279,17.412200000000002,3.99
大貨車,HINO(日野),24.147,2DG-FW1AJB,A09C,8.866,1765,279,17.412200000000002,4.03
全聯結車(曳引車),HINO(日野),41.841,2DG-SH1ADGC,A09C,8.866,1569,265,27.0705,2.84
全聯結車(曳引車),HINO(日野),41.841,2DG-SH1ADGC,A09C,8.866,1569,265,27.0705,2.87
全聯結車(曳引車),HINO(日野),41.841,2DG-SH1AGGC,A09C,8.866,1569,265,27.0705,2.82
全聯結車(曳引車),HINO(日野),41.841,2DG-SH1AGGC,A09C,8.866,1569,265,27.0705,2.85
全聯結車(曳引車),HINO(日野),41.841,2DG-SH1AGGC,A09C,8.866,1569,265,27.0705,2.88
全聯結車(曳引車),HINO(日野),41.841,2DG-SH1AGGC,A09C,8.866,1569,265,27.0705,2.84
全聯結車(曳引車),HINO(日野),41.841,2DG-SH1AGGC,A09C,8.866,1569,265,27.0705,2.87
全聯結車(曳引車),HINO(日野),41.841,2DG-SH1AHGC,A09C,8.866,1569,265,27.0705,2.82
全聯結車(曳引車),HINO(日野),41.841,2DG-SH1AHGC,A09C,8.866,1569,265,27.0705,2.84
全聯結車(曳引車),HINO(日野),41.841,2DG-SH1AHGC,A09C,8.866,1569,265,27.0705,2.87
全聯結車(曳引車),HINO(日野),41.841,2DG-SH1ALGC,A09C,8.866,1569,265,27.0705,2.82
全聯結車(曳引車),HINO(日野),41.841,2DG-SH1ALGC,A09C,8.866,1569,265,27.0705,2.84
全聯結車(曳引車),HINO(日野),41.841,2DG-SH1ALGC,A09C,8.866,1569,265,27.0705,2.87
大貨車,HINO(日野),14.522,2KG-FH1AGE,A09C,8.866,1177,221,10.125,5.62
大貨車,HINO(日野),14.522,2KG-FH1AGE,A09C,8.866,1177,221,10.125,5.5
大貨車,HINO(日野),14.522,2KG-FH1AGE,A09C,8.866,1569,279,10.125,5.54
大貨車,HINO(日野),14.522,2KG-FH1AGE,A09C,8.866,1569,279,10.125,5.67
大貨車,HINO(日野),14.522,2KG-FH1AGC,A09C,8.866,1177,221,10.125,5.45
大貨車,HINO(日野),14.522,2KG-FH1AGC,A09C,8.866,1177,221,10.125,5.62
大貨車,HINO(日野),14.522,2KG-FH1AGC,A09C,8.866,1177,221,10.125,5.5
大貨車,HINO(日野),19.529,2DG-PR1APJF,A09C,8.866,1569,279,13.9195,3.41
大貨車,HINO(日野),24.147,2DG-PR1APJF,A09C,8.866,1569,279,17.412200000000002,2.94
大貨車,HINO(日野),24.147,2NG-FR1AHH,A09C-K1,8.866,1765,279,17.412200000000002,4.37
大貨車,HINO(日野),24.147,2NG-FR1AHS,A09C-K1,8.866,1765,279,17.412200000000002,4.37
大貨車,HINO(日野),24.147,2NG-FW1AHH,A09C-K1,8.866,1765,279,17.412200000000002,4.37
大貨車,HINO(日野),24.147,2NG-FW1AHS,A09C-K1,8.866,1765,279,17.412200000000002,4.37
大貨車,HINO(日野),19.529,2DG-FS1AGE,A09C,8.866,1569,265,13.9195,4.59
大貨車,HINO(日野),19.529,2DG-FS1AGE,A09C,8.866,1569,265,13.9195,4.59
大貨車,HINO(日野),19.529,2DG-FS1AGE,A09C,8.866,1765,279,13.9195,4.44
大貨車,HINO(日野),19.529,2DG-FS1AGE,A09C,8.866,1765,279,13.9195,4.44
大貨車,HINO(日野),19.529,2DG-FS1AGE,A09C,8.866,1765,279,13.9195,4.52
大貨車,HINO(日野),19.529,2DG-FS1AGE,A09C,8.866,1765,279,13.9195,4.52
大貨車,HINO(日野),24.147,2DG-FS1AJE,A09C,8.866,1569,265,17.412200000000002,3.6
大貨車,HINO(日野),24.147,2DG-FS1AJE,A09C,8.866,1569,265,17.412200000000002,3.88
大貨車,HINO(日野),24.147,2DG-FS1AJE,A09C,8.866,1569,265,17.412200000000002,3.88
大貨車,HINO(日野),24.147,2DG-FS1AJE,A09C,8.866,1569,265,17.412200000000002,3.93
大貨車,HINO(日野),24.147,2DG-FS1AJE,A09C,8.866,1569,265,17.412200000000002,3.93
大貨車,HINO(日野),24.147,2DG-FS1AJE,A09C,8.866,1569,265,17.412200000000002,3.97
大貨車,HINO(日野),24.147,2DG-FS1AJE,A09C,8.866,1569,265,17.412200000000002,3.97
大貨車,HINO(日野),24.147,2DG-FS1AJE,A09C,8.866,1569,265,17.412200000000002,4.01
大貨車,HINO(日野),24.147,2DG-FS1AJE,A09C,8.866,1569,265,17.412200000000002,4.01
大貨車,HINO(日野),24.147,2DG-FS1AJE,A09C,8.866,1765,279,17.412200000000002,3.72
大貨車,HINO(日野),24.147,2DG-FS1AJE,A09C,8.866,1765,279,17.412200000000002,3.76
大貨車,HINO(日野),24.147,2DG-FS1AJE,A09C,8.866,1765,279,17.412200000000002,4.24
大貨車,HINO(日野),24.147,2DG-FS1AJE,A09C,8.866,1765,279,17.412200000000002,4.24
大貨車,HINO(日野),24.147,2DG-FS1AHE,A09C,8.866,1765,279,17.412200000000002,3.72
大貨車,HINO(日野),24.147,2DG-FS1AHE,A09C,8.866,1765,279,17.412200000000002,3.72
大貨車,HINO(日野),24.147,2DG-FS1AHE,A09C,8.866,1765,279,17.412200000000002,3.76
大貨車,HINO(日野),24.147,2DG-FS1AHE,A09C,8.866,1765,279,17.412200000000002,3.76
大貨車,HINO(日野),24.147,2DG-FS1AHE,A09C,8.866,1765,279,17.412200000000002,4.24
大貨車,HINO(日野),24.147,2DG-FS1AHE,A09C,8.866,1765,279,17.412200000000002,4.24
大貨車,HINO(日野),24.147,2DG-FS1AHC,A09C,8.866,1765,279,17.412200000000002,4.24
大貨車,HINO(日野),24.147,2DG-FS1AHC,A09C,8.866,1765,279,17.412200000000002,4.24
大貨車,HINO(日野),19.529,2KG-FS1AGE,A09C,8.866,1569,265,13.9195,4.6
大貨車,HINO(日野),19.529,2KG-FS1AGE,A09C,8.866,1569,265,13.9195,4.67
大貨車,HINO(日野),19.529,2KG-FS1AGE,A09C,8.866,1569,265,13.9195,4.67
大貨車,HINO(日野),19.529,2KG-FS1AGE,A09C,8.866,1765,279,13.9195,4.65
大貨車,HINO(日野),24.147,2KG-FS1AJE,A09C,8.866,1765,279,17.412200000000002,4.33
大貨車,HINO(日野),24.147,2KG-FS1AJE,A09C,8.866,1765,279,17.412200000000002,4.3
大貨車,HINO(日野),24.147,2KG-FS1AJE,A09C,8.866,1765,279,17.412200000000002,4.3
大貨車,HINO(日野),24.147,2KG-FS1AHE,A09C,8.866,1765,279,17.412200000000002,4.33
大貨車,HINO(日野),24.147,2KG-FS1AHE,A09C,8.866,1765,279,17.412200000000002,4.33
大貨車,HINO(日野),24.147,2KG-FS1AHE,A09C,8.866,1765,279,17.412200000000002,4.3
大貨車,HINO(日野),24.147,2KG-FS1AHE,A09C,8.866,1765,279,17.412200000000002,4.3
大貨車,HINO(日野),24.147,2KG-FS1AHC,A09C,8.866,1765,279,17.412200000000002,4.33
大貨車,HINO(日野),24.147,2KG-FS1AHC,A09C,8.866,1765,279,17.412200000000002,4.33
大貨車,HINO(日野),24.147,2KG-FS1AHC,A09C,8.866,1765,279,17.412200000000002,4.3
大貨車,HINO(日野),24.147,2KG-FS1AHC,A09C,8.866,1765,279,17.412200000000002,4.3
大貨車,HINO(日野),24.147,2KG-FS1AHB,A09C,8.866,1765,279,17.412200000000002,4.33
大貨車,HINO(日野),24.147,2KG-FS1AHB,A09C,8.866,1765,279,17.412200000000002,4.33
大貨車,HINO(日野),24.147,2DG-FQ1AJC,A09C,8.866,1569,279,17.412200000000002,3.56
大貨車,HINO(日野),24.147,2DG-FQ1AJC,A09C,8.866,1569,265,17.412200000000002,4.01
大貨車,HINO(日野),24.147,2DG-FQ1AJC,A09C,8.866,1569,265,17.412200000000002,3.97
大貨車,HINO(日野),24.147,2DG-FQ1AJC,A09C,8.866,1569,265,17.412200000000002,4.01
大貨車,HINO(日野),24.147,2DG-FQ1AJB,A09C,8.866,1569,265,17.412200000000002,4.01
大貨車,HINO(日野),19.529,2DG-FR1AGE,A09C,8.866,1569,265,13.9195,4.59
大貨車,HINO(日野),19.529,2DG-FR1AGE,A09C,8.866,1569,265,13.9195,4.59
大貨車,HINO(日野),24.147,2DG-FR1AJE,A09C,8.866,1569,279,17.412200000000002,3.56
大貨車,HINO(日野),24.147,2DG-FR1AJE,A09C,8.866,1569,265,17.412200000000002,3.88
大貨車,HINO(日野),24.147,2DG-FR1AJE,A09C,8.866,1569,265,17.412200000000002,3.88
大貨車,HINO(日野),24.147,2DG-FR1AJE,A09C,8.866,1569,265,17.412200000000002,3.93
大貨車,HINO(日野),24.147,2DG-FR1AJE,A09C,8.866,1569,265,17.412200000000002,3.93
大貨車,HINO(日野),24.147,2DG-FR1AJE,A09C,8.866,1569,265,17.412200000000002,4.01
大貨車,HINO(日野),24.147,2DG-FR1AJE,A09C,8.866,1569,265,17.412200000000002,4.01
大貨車,HINO(日野),24.147,2DG-FR1AJE,A09C,8.866,1569,265,17.412200000000002,3.97
大貨車,HINO(日野),24.147,2DG-FR1AJE,A09C,8.866,1569,265,17.412200000000002,3.97
大貨車,HINO(日野),24.147,2DG-FR1AJE,A09C,8.866,1569,265,17.412200000000002,4.01
大貨車,HINO(日野),24.147,2DG-FR1AJE,A09C,8.866,1569,265,17.412200000000002,4.01
大貨車,HINO(日野),24.147,2DG-FR1AJE,A09C,8.866,1765,279,17.412200000000002,3.72
大貨車,HINO(日野),24.147,2DG-FR1AJE,A09C,8.866,1765,279,17.412200000000002,3.72
大貨車,HINO(日野),24.147,2DG-FR1AJE,A09C,8.866,1765,279,17.412200000000002,3.76
大貨車,HINO(日野),24.147,2DG-FR1AJE,A09C,8.866,1765,279,17.412200000000002,3.76
大貨車,HINO(日野),24.147,2DG-FR1AJE,A09C,8.866,1765,279,17.412200000000002,4.24
大貨車,HINO(日野),24.147,2DG-FR1AJE,A09C,8.866,1765,279,17.412200000000002,4.24
大貨車,HINO(日野),24.147,2DG-FR1AJC,A09C,8.866,1569,265,17.412200000000002,4.01
大貨車,HINO(日野),24.147,2DG-FR1AJC,A09C,8.866,1569,265,17.412200000000002,3.97
大貨車,HINO(日野),24.147,2DG-FR1AJC,A09C,8.866,1569,265,17.412200000000002,4.01
大貨車,HINO(日野),24.147,2DG-FR1AHE,A09C,8.866,1765,279,17.412200000000002,4.24
大貨車,HINO(日野),24.147,2DG-FR1AHE,A09C,8.866,1765,279,17.412200000000002,4.24
大貨車,HINO(日野),24.147,2DG-FR1AHC,A09C,8.866,1765,279,17.412200000000002,4.24
大貨車,HINO(日野),24.147,2DG-FR1AHC,A09C,8.866,1765,279,17.412200000000002,4.24
大貨車,HINO(日野),24.147,2DG-FR1AHB,A09C,8.866,1765,279,17.412200000000002,4.24
大貨車,HINO(日野),24.147,2DG-FR1AHB,A09C,8.866,1765,279,17.412200000000002,4.24
大貨車,HINO(日野),19.529,2KG-FR1AGE,A09C,8.866,1569,265,13.9195,4.6
大貨車,HINO(日野),19.529,2KG-FR1AGE,A09C,8.866,1569,265,13.9195,4.67
大貨車,HINO(日野),19.529,2KG-FR1AGE,A09C,8.866,1569,265,13.9195,4.67
大貨車,HINO(日野),24.147,2KG-FR1AJE,A09C,8.866,1765,279,17.412200000000002,4.33
大貨車,HINO(日野),24.147,2KG-FR1AJE,A09C,8.866,1765,279,17.412200000000002,4.3
大貨車,HINO(日野),24.147,2KG-FR1AJE,A09C,8.866,1765,279,17.412200000000002,4.3
大貨車,HINO(日野),24.147,2KG-FR1AHE,A09C,8.866,1765,279,17.412200000000002,4.33
大貨車,HINO(日野),24.147,2KG-FR1AHE,A09C,8.866,1765,279,17.412200000000002,4.33
大貨車,HINO(日野),24.147,2KG-FR1AHE,A09C,8.866,1765,279,17.412200000000002,4.3
大貨車,HINO(日野),24.147,2KG-FR1AHE,A09C,8.866,1765,279,17.412200000000002,4.3
大貨車,HINO(日野),24.147,2KG-FR1AHC,A09C,8.866,1765,279,17.412200000000002,4.33
大貨車,HINO(日野),24.147,2KG-FR1AHC,A09C,8.866,1765,279,17.412200000000002,4.33
大貨車,HINO(日野),24.147,2KG-FR1AHC,A09C,8.866,1765,279,17.412200000000002,4.3
大貨車,HINO(日野),24.147,2KG-FR1AHC,A09C,8.866,1765,279,17.412200000000002,4.3
大貨車,HINO(日野),24.147,2KG-FR1AHB,A09C,8.866,1765,279,17.412200000000002,4.33
大貨車,HINO(日野),24.147,2KG-FR1AHB,A09C,8.866,1765,279,17.412200000000002,4.33
大貨車,HINO(日野),24.147,2KG-FR1AHB,A09C,8.866,1765,279,17.412200000000002,4.3
大貨車,HINO(日野),24.147,2KG-FR1AHB,A09C,8.866,1765,279,17.412200000000002,4.3
大貨車,HINO(日野),24.147,2DG-FW1AJC,A09C,8.866,1569,279,17.412200000000002,3.56
大貨車,HINO(日野),24.147,2DG-FW1AHC,A09C,8.866,1569,279,17.412200000000002,3.56
大貨車,HINO(日野),24.147,2DG-FW1AHC,A09C,8.866,1765,279,17.412200000000002,4.24
大貨車,HINO(日野),24.147,2DG-FW1AHB,A09C,8.866,1765,279,17.412200000000002,4.24
大貨車,HINO(日野),24.147,2KG-FW1AHC,A09C,8.866,1765,279,17.412200000000002,4.33
大貨車,HINO(日野),24.147,2KG-FW1AHC,A09C,8.866,1765,279,17.412200000000002,4.3
大貨車,HINO(日野),24.147,2KG-FW1AHB,A09C,8.866,1765,279,17.412200000000002,4.33
大貨車,HINO(日野),24.147,2KG-FW1AHB,A09C,8.866,1765,279,17.412200000000002,4.3
大貨車,HINO(日野),19.529,2DG-FN1AGE,A09C,8.866,1569,265,13.9195,4.59
大貨車,HINO(日野),19.529,2DG-FN1AGE,A09C,8.866,1569,265,13.9195,4.59
大貨車,HINO(日野),19.529,2DG-FN1AGC,A09C,8.866,1569,265,13.9195,4.59
大貨車,HINO(日野),19.529,2DG-FN1AGC,A09C,8.866,1569,265,13.9195,4.59
大貨車,HINO(日野),24.147,2DG-FN1AJE,A09C,8.866,1569,265,17.412200000000002,4.01
大貨車,HINO(日野),24.147,2DG-FN1AJE,A09C,8.866,1569,265,17.412200000000002,4.01
大貨車,HINO(日野),24.147,2DG-FN1AJE,A09C,8.866,1569,265,17.412200000000002,3.97
大貨車,HINO(日野),24.147,2DG-FN1AJE,A09C,8.866,1569,265,17.412200000000002,3.97
大貨車,HINO(日野),24.147,2DG-FN1AJE,A09C,8.866,1569,265,17.412200000000002,4.01
大貨車,HINO(日野),24.147,2DG-FN1AJE,A09C,8.866,1569,265,17.412200000000002,4.01
大貨車,HINO(日野),24.147,2DG-FN1AJC,A09C,8.866,1569,265,17.412200000000002,4.01
大貨車,HINO(日野),24.147,2DG-FN1AJC,A09C,8.866,1569,265,17.412200000000002,4.01
大貨車,HINO(日野),24.147,2DG-FN1AJC,A09C,8.866,1569,265,17.412200000000002,3.97
大貨車,HINO(日野),24.147,2DG-FN1AJC,A09C,8.866,1569,265,17.412200000000002,3.97
大貨車,HINO(日野),24.147,2DG-FN1AJC,A09C,8.866,1569,265,17.412200000000002,4.01
大貨車,HINO(日野),24.147,2DG-FN1AJC,A09C,8.866,1569,265,17.412200000000002,4.01
大貨車,HINO(日野),19.529,2KG-FN1AGE,A09C,8.866,1569,265,13.9195,4.6
大貨車,HINO(日野),19.529,2KG-FN1AGE,A09C,8.866,1569,265,13.9195,4.67
大貨車,HINO(日野),19.529,2KG-FN1AGE,A09C,8.866,1569,265,13.9195,4.67
大貨車,HINO(日野),19.529,2KG-FN1AGC,A09C,8.866,1569,265,13.9195,4.6
大貨車,HINO(日野),19.529,2KG-FN1AGC,A09C,8.866,1569,265,13.9195,4.67
大貨車,HINO(日野),19.529,2KG-FN1AGC,A09C,8.866,1569,265,13.9195,4.67
大貨車,HINO(日野),14.522,2KG-FH1AGE,A09C,8.866,1569,265,10.125,5.42
大貨車,HINO(日野),14.522,2KG-FH1AGE,A09C,8.866,1569,265,10.125,5.42
大貨車,HINO(日野),14.522,2KG-FH1AGE,A09C,8.866,1569,265,10.125,5.65
大貨車,HINO(日野),14.522,2KG-FH1AGE,A09C,8.866,1569,265,10.125,5.65
大貨車,HINO(日野),14.522,2DG-FH1AGE,A09C,8.866,1569,279,10.125,5.11
大貨車,HINO(日野),14.522,2DG-FH1AGE,A09C,8.866,1569,265,10.125,5.31
大貨車,HINO(日野),14.522,2DG-FH1AGE,A09C,8.866,1569,265,10.125,5.31
大貨車,HINO(日野),14.522,2KG-FH1AGC,A09C,8.866,1569,265,10.125,5.65
大貨車,HINO(日野),14.522,2PG-FH1AGE,A09C,8.866,1569,265,10.125,5.78
大貨車,HINO(日野),14.522,2PG-FH1AGE,A09C,8.866,1569,265,10.125,5.78
大貨車,HINO(日野),14.522,2PG-FH1AGC,A09C,8.866,1569,265,10.125,5.74
大貨車,HINO(日野),14.522,2PG-FH1AGC,A09C,8.866,1569,265,10.125,5.78
全聯結車(曳引車),HINO(日野),41.841,2DG-SH1AGGC,A09C,8.866,1569,265,27.0705,2.94
全聯結車(曳引車),HINO(日野),41.841,2DG-SH1AGGC,A09C,8.866,1569,265,27.0705,2.89
全聯結車(曳引車),HINO(日野),41.841,2DG-SH1AHGC,A09C,8.866,1569,265,27.0705,2.94
全聯結車(曳引車),HINO(日野),41.841,2DG-SH1ALGC,A09C,8.866,1569,265,27.0705,2.94
全聯結車(曳引車),HINO(日野),41.841,2KG-SH1AGGC,A09C,8.866,1569,265,27.0705,2.92
全聯結車(曳引車),HINO(日野),41.841,2KG-SH1AGGC,A09C,8.866,1569,265,27.0705,2.89
全聯結車(曳引車),HINO(日野),41.841,2KG-SH1AGGC,A09C,8.866,1569,265,27.0705,2.92
全聯結車(曳引車),HINO(日野),41.841,2KG-SH1AHGC,A09C,8.866,1569,265,27.0705,2.89
全聯結車(曳引車),HINO(日野),41.841,2KG-SH1AHGC,A09C,8.866,1569,265,27.0705,2.92
大貨車,HINO(日野),24.147,2NG-FR1AHH,A09C-K1,8.866,1765,279,17.412200000000002,4.76
大貨車,HINO(日野),24.147,2NG-FR1AHS,A09C-K1,8.866,1765,279,17.412200000000002,4.76
大貨車,HINO(日野),24.147,2NG-FW1AHH,A09C-K1,8.866,1765,279,17.412200000000002,4.76
大貨車,HINO(日野),24.147,2NG-FW1AHS,A09C-K1,8.866,1765,279,17.412200000000002,4.76
大貨車,HINO(日野),19.529,2DG-PR1APJF,A09C,8.866,1569,279,13.9195,3.63
大貨車,HINO(日野),24.147,2DG-PR1APJF,A09C,8.866,1569,279,17.412200000000002,3.14
大貨車,HINO(日野),19.529,2DG-HF5AL,GH11,10.836,1750,265,13.9195,4.11
大貨車,HINO(日野),24.147,2DG-HZ5BL,GH11,10.836,1900,309,17.412200000000002,3.62
大客車,ISUZU(五十鈴),10.381,2DG-RU2AHDJ,A05C,5.123,882,191,9.611,5.76
大客車,ISUZU(五十鈴),10.381,2DG-RU2AHDJ,A05C,5.123,882,191,9.611,5.66
大客車,ISUZU(五十鈴),13.498,2DG-RU2AHDJ,A05C,5.123,882,191,12.343,4.98
大客車,ISUZU(五十鈴),13.498,2DG-RU2AHDJ,A05C,5.123,882,191,12.343,4.88
大客車,ISUZU(五十鈴),15.431,2PG-RU1ASDJ,A09C,8.866,1569,265,14.33375,4.61
大客車,ISUZU(五十鈴),15.431,2PG-RU1ASDJ,A09C,8.866,1569,265,14.33375,4.49
大客車,ISUZU(五十鈴),16.112,2PG-RU1ASDJ,A09C,8.866,1569,265,14.93775,4.47
大客車,ISUZU(五十鈴),16.112,2PG-RU1ASDJ,A09C,8.866,1569,265,14.93775,4.36
大客車,ISUZU(五十鈴),11.146,2KG-LR290J5,4HK1,5.193,706,154,9.03675,5.61
大客車,ISUZU(五十鈴),12.889,2KG-LV290N4,4HK1,5.193,735,177,10.13625,5.45
大客車,ISUZU(五十鈴),12.889,2KG-LV290N4,4HK1,5.193,735,177,10.13625,5.35
大客車,ISUZU(五十鈴),12.889,2KG-LV290Q4,4HK1,5.193,735,177,10.13625,5.45
大客車,ISUZU(五十鈴),12.889,2KG-LV290Q4,4HK1,5.193,735,177,10.13625,5.35
大客車,ISUZU(五十鈴),14.548,2SG-HL2ANBD,A05C-K1,5.123,882,191,11.72375,5.38
大客車,ISUZU(五十鈴),14.548,2SG-HL2ASBD,A05C-K1,5.123,882,191,11.72375,5.38
大客車,ISUZU(五十鈴),14.548,2TG-LV290N4,4HK1,5.193,735,177,11.72375,4.9
大客車,ISUZU(五十鈴),14.548,2TG-LV290Q4,4HK1,5.193,735,177,11.72375,4.9
大客車,ISUZU(五十鈴),14.548,2RG-LV290N4,4HK1,5.193,735,177,11.72375,4.81
大客車,ISUZU(五十鈴),14.548,2RG-LV290Q4,4HK1,5.193,735,177,11.72375,4.81
大客車,ISUZU(五十鈴),9.303,2DG-RR2AJDJ,A05C,5.123,794,162,8.225,5.34
大客車,ISUZU(五十鈴),10.381,2DG-RR2AJDJ,A05C,5.123,794,162,9.611,5.18
大客車,TOYOTA(豐田),5.276,2KG-GDB60,1GD,2.754,420,110,4.638,8.52
大客車,TOYOTA(豐田),5.276,2KG-GDB70,1GD,2.754,420,110,4.638,8.52
大客車,TOYOTA(豐田),5.276,2KG-GDB80,1GD,2.754,420,110,4.638,8.52
大客車,HINO(日野),5.276,2KG-GDB60M,1GD,2.754,420,110,4.638,8.52
大客車,HINO(日野),5.276,2KG-GDB70M,1GD,2.754,420,110,4.638,8.52
大客車,HINO(日野),5.276,2KG-GDB80M,1GD,2.754,420,110,4.638,8.52
大客車,HINO(日野),11.146,2KG-KR290J5,4HK1,5.193,706,154,9.03675,5.61
大客車,HINO(日野),7.331,2DG-HX9JHCE,J05E,5.123,530,132,5.93675,5.91
大客車,HINO(日野),7.331,2DG-HX9JLCE,J05E,5.123,530,132,5.93675,5.91
大客車,HINO(日野),9.377,2DG-HX9JLCE,J05E,5.123,530,132,8.376,4.66
大客車,HINO(日野),9.303,2DG-RR2AJDA,A05C,5.123,794,162,8.225,5.34
大客車,HINO(日野),10.381,2DG-RR2AJDA,A05C,5.123,794,162,9.611,5.18
大客車,HINO(日野),15.431,2PG-RU1ASDA,A09C,8.866,1569,265,14.33375,4.61
大客車,HINO(日野),16.112,2PG-RU1ASDA,A09C,8.866,1569,265,14.93775,4.47
大客車,HINO(日野),15.431,2PG-RU1ASDA,A09C,8.866,1569,265,14.33375,4.49
大客車,HINO(日野),16.112,2PG-RU1ASDA,A09C,8.866,1569,265,14.93775,4.36
大客車,HINO(日野),10.381,2DG-RU2AHDA,A05C,5.123,882,191,9.611,5.66
大客車,HINO(日野),13.498,2DG-RU2AHDA,A05C,5.123,882,191,12.343,4.88
大客車,HINO(日野),10.381,2DG-RU2AHDA,A05C,5.123,882,191,9.611,5.76
大客車,HINO(日野),13.498,2DG-RU2AHDA,A05C,5.123,882,191,12.343,4.98
大客車,HINO(日野),12.889,2KG-KV290N4,4HK1,5.193,735,177,10.13625,5.45
大客車,HINO(日野),12.889,2KG-KV290N4,4HK1,5.193,735,177,10.13625,5.35
大客車,HINO(日野),12.889,2KG-KV290Q4,4HK1,5.193,735,177,10.13625,5.45
大客車,HINO(日野),12.889,2KG-KV290Q4,4HK1,5.193,735,177,10.13625,5.35
大客車,HINO(日野),14.548,2TG-KV290N4,4HK1,5.193,735,177,11.72375,4.9
大客車,HINO(日野),14.548,2TG-KV290Q4,4HK1,5.193,735,177,11.72375,4.9
大客車,HINO(日野),14.548,2RG-KV290N4,4HK1,5.193,735,177,11.72375,4.81
大客車,HINO(日野),14.548,2RG-KV290Q4,4HK1,5.193,735,177,11.72375,4.81
大客車,HINO(日野),14.548,2SG-HL2ANBP,A05C-K1,5.123,882,191,11.72375,5.38
大客車,HINO(日野),14.548,2SG-HL2ASBP,A05C-K1,5.123,882,191,11.72375,5.38
大客車,FUSO(三菱),15.431,2TG-MS06GP,6S10,7.697,1400,280,14.33375,5.15
大客車,FUSO(三菱),15.431,2TG-MS06GP,6S10,7.697,1400,280,14.33375,5.3
大客車,FUSO(三菱),16.112,2TG-MS06GP,6S10,7.697,1400,280,14.93775,4.99
大客車,FUSO(三菱),16.112,2TG-MS06GP,6S10,7.697,1400,280,14.93775,5.14
大客車,FUSO(三菱),14.548,2PG-MP38FK,6M60,7.545,785,199,11.72375,4.38
大客車,FUSO(三菱),14.548,2PG-MP38FK,6M60,7.545,785,199,11.72375,4.52
大客車,FUSO(三菱),14.548,2KG-MP38FK,6M60,7.545,785,199,11.72375,4.16
大客車,FUSO(三菱),14.548,2PG-MP38FM,6M60,7.545,785,199,11.72375,4.38
大客車,FUSO(三菱),14.548,2PG-MP38FM,6M60,7.545,785,199,11.72375,4.52
大客車,FUSO(三菱),14.548,2KG-MP38FM,6M60,7.545,785,199,11.72375,4.16
大客車,FUSO(三菱),14.548,2PG-MP35FK,6M60,7.545,785,199,11.72375,4.38
大客車,FUSO(三菱),14.548,2PG-MP35FK,6M60,7.545,785,199,11.72375,4.52
大客車,FUSO(三菱),14.548,2KG-MP35FK,6M60,7.545,785,199,11.72375,4.16
大客車,FUSO(三菱),14.548,2PG-MP35FM,6M60,7.545,785,199,11.72375,4.38
大客車,FUSO(三菱),14.548,2PG-MP35FM,6M60,7.545,785,199,11.72375,4.52
大客車,FUSO(三菱),14.548,2KG-MP35FM,6M60,7.545,785,199,11.72375,4.16
大客車,FUSO(三菱),14.548,2PG-MP35FP,6M60,7.545,785,199,11.72375,4.38
大客車,FUSO(三菱),14.548,2PG-MP35FP,6M60,7.545,785,199,11.72375,4.52
大客車,FUSO(三菱),14.548,2KG-MP35FP,6M60,7.545,785,199,11.72375,4.16
大客車,FUSO(三菱),5.276,2RG-BE740E,4P10,2.998,430,129,4.638,9.55
大客車,FUSO(三菱),5.276,2RG-BE740E,4P10,2.998,430,129,4.638,9.64
大客車,FUSO(三菱),5.276,2RG-BE740G,4P10,2.998,430,129,4.638,9.55
大客車,FUSO(三菱),5.276,2RG-BE740G,4P10,2.998,430,129,4.638,9.64
大客車,FUSO(三菱),5.276,2RG-BE740J,4P10,2.998,430,129,4.638,9.55
大客車,FUSO(三菱),5.276,2RG-BE740J,4P10,2.998,430,129,4.638,9.64
大客車,FUSO(三菱),5.276,2RG-BG740G,4P10,2.998,430,110,4.638,9.63
